,Age Band of Driver,Sex of Driver,Educational Level,Vehicle Driver Relation,Driver Experience,Lanes or Medians,Type of Junction,Road Surface Type,Light Conditions,Weather Conditions,Type of Collision,Vehicle Movement,Pedestrain Movement,Cause of Accident,Accident Severity
2263,31-50,Male,High school,Employee,2-5yr,Undivided Two way,Y Shape,Asphalt roads,Daylight,Normal,Vehicle with vehicle collision,Going straight,Not a Pedestrian,No distancing,2
2264,18-30,Male,Junior high school,Employee,1-2yr,Two-way (divided with broken lines road marking),Y Shape,Asphalt roads,Daylight,Normal,Vehicle with vehicle collision,Moving Backward,Not a Pedestrian,No distancing,2
2265,18-30,Male,Junior high school,Employee,1-2yr,Two-way (divided with broken lines road marking),Y Shape,Asphalt roads,Daylight,Normal,Collision with roadside objects,Going straight,Not a Pedestrian,Changing lane to the left,2
2266,Unknown,Male,Junior high school,Employee,5-10yr,other,Y Shape,Gravel roads,Daylight,Normal,Vehicle with vehicle collision,Unknown,Not a Pedestrian,Changing lane to the left,2
2267,31-50,Male,Illiterate,Employee,unknown,Undivided Two way,Y Shape,Asphalt roads,Daylight,Normal,Vehicle with vehicle collision,Going straight,Crossing from nearside - masked by parked or statioNot a Pedestrianry vehicle,Moving Backward,1
2268,Unknown,Male,Junior high school,Employee,5-10yr,Undivided Two way,Y Shape,Asphalt roads,Daylight,Normal,Collision with roadside objects,Unknown,Not a Pedestrian,Changing lane to the right,1
2269,31-50,Male,Junior high school,Employee,1-2yr,Two-way (divided with broken lines road marking),No junction,Asphalt roads,Darkness - lights lit,Normal,Collision with roadside objects,Going straight,Not a Pedestrian,No priority to vehicle,2
2270,31-50,Male,Junior high school,Employee,2-5yr,Two-way (divided with broken lines road marking),No junction,Asphalt roads,Darkness - lights lit,Normal,Vehicle with vehicle collision,Unknown,Not a Pedestrian,Moving Backward,2
2271,31-50,Male,Junior high school,Employee,Above 10yr,other,No junction,Asphalt roads,Daylight,Normal,Vehicle with vehicle collision,Going straight,Not a Pedestrian,Driving carelessly,2
2272,18-30,Male,Junior high school,Owner,5-10yr,Two-way (divided with broken lines road marking),No junction,Asphalt roads,Daylight,Normal,Vehicle with vehicle collision,Going straight,Unknown or other,Driving carelessly,2
2273,31-50,Male,High school,Employee,1-2yr,other,Crossing,Asphalt roads,Darkness - lights lit,Normal,Vehicle with vehicle collision,Going straight,Not a Pedestrian,Driving under the influence of drugs,2
2274,18-30,Male,Junior high school,Employee,Above 10yr,Two-way (divided with broken lines road marking),Crossing,Asphalt roads,Darkness - lights lit,Normal,Vehicle with vehicle collision,Going straight,Not a Pedestrian,No priority to pedestrian,2
2275,31-50,Male,Junior high school,Employee,1-2yr,One way,Y Shape,Asphalt roads,Darkness - lights lit,Normal,Vehicle with vehicle collision,Going straight,Not a Pedestrian,No priority to vehicle,2
2276,Over 51,Male,Junior high school,Employee,2-5yr,Double carriageway (median),Y Shape,Asphalt roads,Daylight,Normal,Vehicle with vehicle collision,Other,Not a Pedestrian,Driving carelessly,2
2277,18-30,Male,Junior high school,Employee,Above 10yr,One way,Y Shape,Asphalt roads,Daylight,Normal,Vehicle with vehicle collision,Other,Not a Pedestrian,Moving Backward,2
2278,Unknown,Male,Junior high school,Employee,2-5yr,Undivided Two way,Y Shape,Asphalt roads,Daylight,Normal,Vehicle with vehicle collision,Going straight,Not a Pedestrian,Driving carelessly,2
2279,31-50,Male,Elementary school,Employee,5-10yr,Double carriageway (median),Crossing,Asphalt roads,Daylight,Normal,Vehicle with vehicle collision,Going straight,Not a Pedestrian,No priority to vehicle,2
2280,18-30,Male,Unknown,Unknown,Unknown,Two-way (divided with broken lines road marking),Crossing,Asphalt roads,Daylight,Normal,Vehicle with vehicle collision,Getting off,Not a Pedestrian,Changing lane to the right,2
2281,18-30,Male,Elementary school,Employee,1-2yr,Undivided Two way,Crossing,Gravel roads,Darkness - lights lit,Normal,Vehicle with vehicle collision,Going straight,Not a Pedestrian,Changing lane to the left,2
2282,18-30,Unknown,Elementary school,Employee,5-10yr,Unknown,Crossing,Asphalt roads,Darkness - lights lit,Normal,Vehicle with vehicle collision,Going straight,Not a Pedestrian,No priority to vehicle,2
2283,Unknown,Male,Elementary school,Employee,5-10yr,Double carriageway (median),No junction,Asphalt roads,Daylight,Normal,Vehicle with vehicle collision,Going straight,Not a Pedestrian,Driving carelessly,1
2284,Over 51,Male,Junior high school,Employee,1-2yr,Two-way (divided with broken lines road marking),No junction,Asphalt roads,Daylight,Normal,Vehicle with vehicle collision,Going straight,Not a Pedestrian,Moving Backward,1
2285,Over 51,Male,Junior high school,Employee,5-10yr,Unknown,Y Shape,Asphalt roads,Darkness - lights lit,Normal,Vehicle with vehicle collision,Going straight,Not a Pedestrian,No distancing,2
2286,18-30,Male,Junior high school,Employee,5-10yr,Unknown,Y Shape,Earth roads,Darkness - lights lit,Normal,Vehicle with vehicle collision,Getting off,Not a Pedestrian,Changing lane to the left,2
2287,31-50,Male,Junior high school,Employee,2-5yr,Two-way (divided with broken lines road marking),No junction,Asphalt roads,Daylight,Normal,Vehicle with vehicle collision,Going straight,Crossing from nearside - masked by parked or statioNot a Pedestrianry vehicle,Changing lane to the left,2
2288,31-50,Male,Junior high school,Employee,1-2yr,Two-way (divided with broken lines road marking),No junction,Asphalt roads,Daylight,Normal,Collision with roadside objects,Going straight,Not a Pedestrian,No distancing,2
2289,31-50,Male,Junior high school,Employee,5-10yr,Undivided Two way,Y Shape,Unknown,Daylight,Normal,Vehicle with vehicle collision,Other,Not a Pedestrian,Changing lane to the left,2
2290,31-50,Male,Junior high school,Employee,Below 1yr,Two-way (divided with broken lines road marking),Y Shape,Gravel roads,Daylight,Normal,Collision with pedestrians,Going straight,Crossing from driver's nearside,Driving carelessly,2
2291,18-30,Male,Junior high school,Employee,5-10yr,Two-way (divided with broken lines road marking),Crossing,Asphalt roads,Daylight,Normal,Vehicle with vehicle collision,Going straight,Not a Pedestrian,Changing lane to the left,2
2292,Unknown,Male,Junior high school,Owner,5-10yr,Two-way (divided with broken lines road marking),Crossing,Unknown,Daylight,Normal,Collision with roadside objects,Going straight,Not a Pedestrian,No distancing,2
2293,Under 18,Male,Unknown,Owner,5-10yr,Undivided Two way,Crossing,Asphalt roads,Darkness - lights lit,Normal,Vehicle with vehicle collision,Going straight,Not a Pedestrian,Changing lane to the right,2
2294,31-50,Male,Junior high school,Employee,5-10yr,Undivided Two way,Crossing,Earth roads,Darkness - lights lit,Normal,Vehicle with vehicle collision,Going straight,Not a Pedestrian,No distancing,2
2295,31-50,Male,High school,Employee,2-5yr,Double carriageway (median),Y Shape,Asphalt roads,Daylight,Normal,Vehicle with vehicle collision,Reversing,Unknown or other,Driving to the left,2
2296,31-50,Male,Above high school,Employee,5-10yr,Double carriageway (median),Y Shape,Asphalt roads,Daylight,Normal,Vehicle with vehicle collision,Other,Not a Pedestrian,No distancing,2
2297,18-30,Male,Junior high school,Employee,Above 10yr,Two-way (divided with broken lines road marking),O Shape,Asphalt roads,Daylight,Normal,Vehicle with vehicle collision,Going straight,Not a Pedestrian,Overtaking,2
2298,Unknown,Male,Junior high school,Employee,Below 1yr,Double carriageway (median),O Shape,Asphalt roads,Daylight,Normal,Rollover,Going straight,Not a Pedestrian,Driving under the influence of drugs,2
2299,31-50,Male,Elementary school,Employee,5-10yr,Two-way (divided with broken lines road marking),Crossing,Asphalt roads,Daylight,Normal,Collision with roadside objects,Going straight,Not a Pedestrian,No priority to pedestrian,2
2300,18-30,Male,Elementary school,Employee,2-5yr,Unknown,Crossing,Earth roads,Daylight,Normal,Vehicle with vehicle collision,Going straight,Not a Pedestrian,Moving Backward,2
2301,18-30,Male,Junior high school,Employee,2-5yr,Unknown,No junction,Asphalt roads,Daylight,Normal,Collision with roadside objects,Going straight,Not a Pedestrian,Changing lane to the right,2
2302,31-50,Male,Junior high school,Employee,1-2yr,One way,No junction,Asphalt roads,Daylight,Normal,Vehicle with vehicle collision,Going straight,Not a Pedestrian,Changing lane to the left,2
2303,18-30,Male,Junior high school,Employee,2-5yr,Two-way (divided with broken lines road marking),Y Shape,Asphalt roads,Daylight,Normal,Vehicle with vehicle collision,Going straight,Not a Pedestrian,Changing lane to the right,2
2304,Over 51,Male,Junior high school,Employee,2-5yr,Unknown,Crossing,Asphalt roads,Daylight,Normal,Vehicle with vehicle collision,Going straight,Not a Pedestrian,Driving under the influence of drugs,2
2305,31-50,Male,Junior high school,Employee,Above 10yr,Undivided Two way,Crossing,Asphalt roads,Daylight,Normal,Vehicle with vehicle collision,Going straight,Not a Pedestrian,No priority to vehicle,2
2306,18-30,Male,High school,Employee,Below 1yr,Two-way (divided with broken lines road marking),Y Shape,Asphalt roads,Darkness - lights lit,Normal,Vehicle with vehicle collision,Moving Backward,Not a Pedestrian,No priority to vehicle,2
2307,31-50,Male,Junior high school,Employee,2-5yr,Two-way (divided with broken lines road marking),Y Shape,Asphalt roads,Daylight,Normal,Collision with roadside objects,Moving Backward,Crossing from nearside - masked by parked or statioNot a Pedestrianry vehicle,Changing lane to the left,2
2308,31-50,Male,High school,Employee,Above 10yr,Two-way (divided with broken lines road marking),Y Shape,Asphalt roads,Daylight,Normal,Vehicle with vehicle collision,Turnover,Crossing from nearside - masked by parked or statioNot a Pedestrianry vehicle,Changing lane to the right,2
2309,18-30,Male,Junior high school,Employee,Above 10yr,Two-way (divided with broken lines road marking),Y Shape,Asphalt roads,Daylight,Normal,Collision with roadside objects,Other,Crossing from driver's nearside,Changing lane to the right,2
2310,Over 51,Male,High school,Employee,5-10yr,Two-way (divided with broken lines road marking),Crossing,Asphalt roads,Darkness - lights lit,Raining,Vehicle with vehicle collision,Other,Not a Pedestrian,Changing lane to the left,2
2311,Over 51,Male,Junior high school,Employee,Above 10yr,Undivided Two way,Crossing,Asphalt roads,Darkness - lights lit,Raining,Vehicle with vehicle collision,Going straight,Not a Pedestrian,Changing lane to the left,2
2312,Unknown,Male,Junior high school,Employee,1-2yr,Undivided Two way,Crossing,Earth roads,Darkness - lights lit,Raining,Vehicle with vehicle collision,Going straight,Not a Pedestrian,Getting off the vehicle improperly,2
2313,18-30,Male,Junior high school,Employee,2-5yr,Undivided Two way,Crossing,Asphalt roads,Darkness - lights lit,Normal,Vehicle with vehicle collision,Other,Not a Pedestrian,Overtaking,2
2314,Unknown,Male,Elementary school,Employee,2-5yr,Double carriageway (median),Crossing,Asphalt roads,Darkness - lights lit,Normal,Vehicle with vehicle collision,Other,Not a Pedestrian,Changing lane to the left,2
2315,18-30,Male,Elementary school,Other,5-10yr,Undivided Two way,Y Shape,Asphalt roads,Daylight,Normal,Vehicle with vehicle collision,Going straight,Not a Pedestrian,Driving under the influence of drugs,2
2316,Over 51,Male,Junior high school,Employee,5-10yr,Undivided Two way,Y Shape,Asphalt roads,Daylight,Normal,Vehicle with vehicle collision,Reversing,Not a Pedestrian,Driving carelessly,2
2317,18-30,Male,High school,Owner,5-10yr,Undivided Two way,No junction,Other,Darkness - lights lit,Normal,Vehicle with vehicle collision,Other,Not a Pedestrian,Moving Backward,2
2318,18-30,Male,Junior high school,Employee,Above 10yr,Undivided Two way,Crossing,Gravel roads,Daylight,Normal,Vehicle with vehicle collision,Turnover,Not a Pedestrian,No distancing,2
2319,31-50,Male,Junior high school,Employee,Below 1yr,Two-way (divided with broken lines road marking),Crossing,Gravel roads,Daylight,Normal,Vehicle with vehicle collision,Going straight,Not a Pedestrian,No priority to vehicle,2
2320,Unknown,Male,Junior high school,Other,Below 1yr,Undivided Two way,No junction,Asphalt roads,Daylight,Normal,Vehicle with vehicle collision,Going straight,Not a Pedestrian,Overturning,2
2321,31-50,Male,Junior high school,Employee,Above 10yr,Undivided Two way,No junction,Asphalt roads,Daylight,Normal,Rollover,Going straight,Not a Pedestrian,Changing lane to the left,2
2322,18-30,Male,High school,Owner,5-10yr,Undivided Two way,Crossing,Earth roads,Daylight,Normal,Collision with roadside objects,Going straight,Not a Pedestrian,No distancing,2
2323,18-30,Male,Elementary school,Owner,5-10yr,Two-way (divided with broken lines road marking),Crossing,Asphalt roads,Daylight,Normal,Vehicle with vehicle collision,Going straight,Not a Pedestrian,Moving Backward,2
2324,31-50,Male,Junior high school,Employee,2-5yr,Undivided Two way,Y Shape,Asphalt roads,Daylight,Normal,Vehicle with vehicle collision,Going straight,Not a Pedestrian,No priority to vehicle,1
2325,Over 51,Male,Junior high school,Employee,2-5yr,Two-way (divided with broken lines road marking),Y Shape,Asphalt roads,Daylight,Normal,Collision with roadside objects,Going straight,Not a Pedestrian,No priority to vehicle,1
2326,31-50,Male,Above high school,Employee,5-10yr,other,Y Shape,Asphalt roads,Daylight,Normal,Vehicle with vehicle collision,Going straight,Unknown or other,No distancing,2
2327,Unknown,Male,Junior high school,Owner,2-5yr,Two-way (divided with broken lines road marking),Crossing,Earth roads,Daylight,Normal,Vehicle with vehicle collision,Going straight,Not a Pedestrian,No distancing,2
2328,31-50,Male,Unknown,Unknown,Unknown,Two-way (divided with broken lines road marking),Y Shape,Asphalt roads,Darkness - lights lit,Normal,Vehicle with vehicle collision,Other,Not a Pedestrian,Overtaking,2
2329,31-50,Male,Junior high school,Employee,2-5yr,Two-way (divided with broken lines road marking),Crossing,Asphalt roads,Darkness - lights lit,Normal,Rollover,Going straight,Not a Pedestrian,Driving under the influence of drugs,2
2330,18-30,Male,Junior high school,Employee,5-10yr,other,Crossing,Asphalt roads,Darkness - lights lit,Normal,Rollover,Going straight,Not a Pedestrian,Changing lane to the right,2
2331,31-50,Male,Junior high school,Employee,2-5yr,other,Y Shape,Asphalt roads,Daylight,Raining,Collision with pedestrians,Moving Backward,Not a Pedestrian,Changing lane to the left,1
2332,31-50,Male,Elementary school,Employee,1-2yr,Undivided Two way,Y Shape,Asphalt roads,Daylight,Raining,Vehicle with vehicle collision,Going straight,Not a Pedestrian,Driving carelessly,1
2333,Over 51,Male,High school,Employee,Unknown,Double carriageway (median),Y Shape,Asphalt roads,Daylight,Raining,Vehicle with vehicle collision,Moving Backward,Not a Pedestrian,Moving Backward,1
2334,31-50,Male,Junior high school,Owner,1-2yr,other,No junction,Asphalt roads,Daylight,Normal,Vehicle with vehicle collision,Other,Not a Pedestrian,Moving Backward,2
2335,Unknown,Male,Junior high school,Employee,2-5yr,Undivided Two way,No junction,Asphalt roads,Daylight,Normal,Collision with pedestrians,Going straight,Not a Pedestrian,Changing lane to the right,2
2336,31-50,Male,Junior high school,Employee,1-2yr,Two-way (divided with broken lines road marking),No junction,Asphalt roads,Daylight,Normal,Collision with pedestrians,Reversing,Not a Pedestrian,No priority to vehicle,2
2337,Unknown,Male,Elementary school,Employee,Above 10yr,Two-way (divided with broken lines road marking),No junction,Asphalt roads,Daylight,Normal,Vehicle with vehicle collision,Going straight,Not a Pedestrian,Driving at high speed,2
2338,31-50,Male,Junior high school,Employee,2-5yr,Two-way (divided with broken lines road marking),Crossing,Earth roads,Darkness - lights lit,Normal,Vehicle with vehicle collision,Other,Not a Pedestrian,Driving under the influence of drugs,2
2339,31-50,Male,Junior high school,Employee,2-5yr,Double carriageway (median),Crossing,Asphalt roads,Darkness - lights lit,Normal,Vehicle with vehicle collision,Other,Unknown or other,Changing lane to the right,2
2340,Over 51,Male,Junior high school,Employee,2-5yr,Double carriageway (median),Y Shape,Asphalt roads,Daylight,Normal,Collision with roadside objects,Other,Not a Pedestrian,Driving carelessly,2
2341,31-50,Male,Junior high school,Employee,2-5yr,Double carriageway (median),Y Shape,Asphalt roads,Daylight,Normal,Vehicle with vehicle collision,Stopping,Not a Pedestrian,No distancing,2
2342,31-50,Male,Elementary school,Employee,2-5yr,Double carriageway (median),Crossing,Asphalt roads,Darkness - lights lit,Normal,Collision with roadside objects,Other,Not a Pedestrian,Changing lane to the left,2
2343,18-30,Male,Junior high school,Employee,2-5yr,Double carriageway (median),Crossing,Earth roads,Darkness - lights lit,Normal,Vehicle with vehicle collision,Other,Not a Pedestrian,No distancing,2
2344,18-30,Male,Elementary school,Employee,5-10yr,Undivided Two way,No junction,Asphalt roads,Darkness - lights lit,Normal,Vehicle with vehicle collision,Other,Not a Pedestrian,No distancing,2
2345,31-50,Male,Elementary school,Employee,2-5yr,One way,Crossing,Asphalt roads,Darkness - lights lit,Normal,Collision with roadside objects,Going straight,Not a Pedestrian,Getting off the vehicle improperly,2
2346,18-30,Male,Junior high school,Employee,Above 10yr,One way,Crossing,Asphalt roads,Darkness - lights lit,Normal,Vehicle with vehicle collision,Going straight,Not a Pedestrian,Overtaking,2
2347,31-50,Male,Junior high school,Employee,Above 10yr,Double carriageway (median),No junction,Asphalt roads,Darkness - lights lit,Raining,Vehicle with vehicle collision,Going straight,Not a Pedestrian,Driving carelessly,1
2348,31-50,Male,High school,Employee,Above 10yr,Two-way (divided with broken lines road marking),Y Shape,Asphalt roads,Darkness - lights lit,Normal,Collision with roadside objects,Going straight,Not a Pedestrian,Driving under the influence of drugs,1
2349,Over 51,Male,Junior high school,Employee,5-10yr,Double carriageway (median),Crossing,Asphalt roads,Daylight,Normal,Collision with roadside objects,Going straight,Not a Pedestrian,Moving Backward,2
2350,31-50,Male,Junior high school,Owner,2-5yr,Unknown,Crossing,Asphalt roads,Daylight,Normal,Vehicle with vehicle collision,Going straight,Not a Pedestrian,Overturning,2
2351,18-30,Male,Elementary school,Employee,1-2yr,Double carriageway (median),No junction,Asphalt roads,Daylight,Normal,Vehicle with vehicle collision,Going straight,Not a Pedestrian,Driving under the influence of drugs,2
2352,18-30,Male,Junior high school,Employee,2-5yr,Two-way (divided with broken lines road marking),No junction,Other,Daylight,Normal,Vehicle with vehicle collision,Going straight,Not a Pedestrian,Changing lane to the right,2
2353,Over 51,Male,Junior high school,Employee,5-10yr,Undivided Two way,No junction,Asphalt roads,Daylight,Normal,Vehicle with vehicle collision,Going straight,Not a Pedestrian,Changing lane to the left,2
2354,18-30,Male,Unknown,Unknown,Unknown,Undivided Two way,Crossing,Asphalt roads,Darkness - lights lit,Normal,Vehicle with vehicle collision,Going straight,Not a Pedestrian,No distancing,2
2355,18-30,Male,Elementary school,Owner,5-10yr,Undivided Two way,Crossing,Asphalt roads,Darkness - lights lit,Normal,Vehicle with vehicle collision,Going straight,Not a Pedestrian,No distancing,2
2356,18-30,Male,High school,Other,Above 10yr,Undivided Two way,Y Shape,Asphalt roads,Daylight,Normal,Vehicle with vehicle collision,Reversing,Not a Pedestrian,No priority to vehicle,2
2357,Unknown,Male,Junior high school,Employee,Above 10yr,Undivided Two way,Y Shape,Asphalt roads,Daylight,Normal,Vehicle with vehicle collision,Going straight,Not a Pedestrian,Moving Backward,2
2358,Unknown,Male,Junior high school,Employee,1-2yr,other,Y Shape,Asphalt roads,Daylight,Normal,Vehicle with vehicle collision,Other,Not a Pedestrian,Moving Backward,2
2359,Over 51,Male,High school,Owner,Unknown,other,Y Shape,Asphalt roads,Darkness - lights lit,Normal,Vehicle with vehicle collision,Unknown,Not a Pedestrian,Getting off the vehicle improperly,2
2360,18-30,Male,Junior high school,Employee,2-5yr,Double carriageway (median),Y Shape,Earth roads,Darkness - lights lit,Normal,Vehicle with vehicle collision,Getting off,Not a Pedestrian,Changing lane to the left,2
2361,Unknown,Female,Junior high school,Employee,5-10yr,Unknown,Y Shape,Asphalt roads,Darkness - lights lit,Normal,Vehicle with vehicle collision,Going straight,Not a Pedestrian,Changing lane to the left,2
2362,31-50,Male,Junior high school,Employee,2-5yr,One way,No junction,Asphalt roads,Daylight,Normal,Vehicle with vehicle collision,Going straight,Not a Pedestrian,No priority to vehicle,2
2363,31-50,Male,Junior high school,Employee,Above 10yr,One way,No junction,Asphalt roads,Daylight,Normal,Vehicle with vehicle collision,Going straight,Not a Pedestrian,Changing lane to the right,2
2364,18-30,Male,Elementary school,Employee,5-10yr,Undivided Two way,Y Shape,Asphalt roads,Darkness - lights lit,Normal,Vehicle with vehicle collision,Going straight,Not a Pedestrian,Changing lane to the right,2
2365,Unknown,Male,Junior high school,Employee,5-10yr,One way,Y Shape,Asphalt roads,Darkness - lights lit,Normal,Vehicle with vehicle collision,Turnover,Not a Pedestrian,Driving carelessly,2
2366,18-30,Male,Above high school,Employee,1-2yr,other,Y Shape,Asphalt roads,Daylight,Normal,Vehicle with vehicle collision,Entering a junction,Unknown or other,Changing lane to the left,2
2367,Unknown,Male,Elementary school,Employee,Above 10yr,other,Y Shape,Asphalt roads,Daylight,Normal,Vehicle with vehicle collision,Entering a junction,Not a Pedestrian,Changing lane to the right,2
2368,Unknown,Female,Elementary school,Employee,5-10yr,Undivided Two way,Y Shape,Asphalt roads,Daylight,Normal,Collision with roadside objects,Entering a junction,Not a Pedestrian,Driving under the influence of drugs,2
2369,31-50,Male,Elementary school,Employee,2-5yr,Double carriageway (median),Y Shape,Asphalt roads,Darkness - lights lit,Normal,Vehicle with vehicle collision,Entering a junction,Not a Pedestrian,Driving carelessly,1
2370,Over 51,Male,Elementary school,Employee,2-5yr,Two-way (divided with broken lines road marking),Crossing,Asphalt roads,Daylight,Normal,Collision with pedestrians,Other,Not a Pedestrian,No distancing,2
2371,18-30,Male,Junior high school,Employee,5-10yr,Undivided Two way,Crossing,Asphalt roads,Daylight,Normal,Vehicle with vehicle collision,Entering a junction,Not a Pedestrian,No priority to vehicle,2
2372,18-30,Male,Junior high school,Employee,1-2yr,Double carriageway (median),Y Shape,Asphalt roads,Darkness - lights lit,Normal,Collision with roadside objects,Turnover,Not a Pedestrian,No priority to vehicle,2
2373,18-30,Male,Junior high school,Employee,5-10yr,Two-way (divided with broken lines road marking),Y Shape,Asphalt roads,Darkness - lights lit,Normal,Vehicle with vehicle collision,Entering a junction,Not a Pedestrian,No priority to vehicle,2
2374,18-30,Male,Junior high school,Employee,5-10yr,other,Y Shape,Asphalt roads,Darkness - lights lit,Normal,Vehicle with vehicle collision,Entering a junction,Not a Pedestrian,Changing lane to the left,2
2375,31-50,Male,Above high school,Employee,5-10yr,Two-way (divided with broken lines road marking),Crossing,Asphalt roads,Daylight,Normal,Vehicle with vehicle collision,Entering a junction,Not a Pedestrian,Moving Backward,2
2376,18-30,Male,Junior high school,Employee,Above 10yr,One way,Crossing,Earth roads,Daylight,Normal,Vehicle with vehicle collision,Entering a junction,Not a Pedestrian,Driving carelessly,2
2377,18-30,Male,Elementary school,Employee,2-5yr,One way,Y Shape,Asphalt roads,Daylight,Normal,Vehicle with vehicle collision,Entering a junction,Not a Pedestrian,Driving under the influence of drugs,2
2378,Unknown,Male,Junior high school,Employee,5-10yr,Undivided Two way,Y Shape,Unknown,Daylight,Normal,Rollover,Other,Not a Pedestrian,Changing lane to the right,1
2379,18-30,Male,Unknown,Unknown,Unknown,Two-way (divided with broken lines road marking),Crossing,Asphalt roads,Darkness - lights lit,Normal,Collision with roadside objects,Going straight,Not a Pedestrian,No priority to vehicle,2
2380,Unknown,Male,Junior high school,Employee,5-10yr,other,Crossing,Asphalt roads,Darkness - lights lit,Normal,Vehicle with vehicle collision,Going straight,Not a Pedestrian,Changing lane to the right,2
2381,31-50,Male,Junior high school,Employee,Unknown,Two-way (divided with broken lines road marking),No junction,Asphalt roads,Daylight,Normal,Vehicle with vehicle collision,Other,Not a Pedestrian,Driving to the left,2
2382,31-50,Male,Junior high school,Employee,Unknown,Two-way (divided with broken lines road marking),No junction,Asphalt roads,Daylight,Normal,Collision with roadside objects,Going straight,Not a Pedestrian,Moving Backward,2
2383,31-50,Male,Junior high school,Employee,1-2yr,Two-way (divided with broken lines road marking),Y Shape,Asphalt roads,Daylight,Normal,Vehicle with vehicle collision,Going straight,Not a Pedestrian,No priority to vehicle,2
2384,31-50,Male,Above high school,Owner,5-10yr,One way,Crossing,Asphalt roads,Darkness - lights lit,Normal,Vehicle with vehicle collision,Going straight,Not a Pedestrian,No distancing,2
2385,18-30,Male,Junior high school,Employee,2-5yr,Two-way (divided with broken lines road marking),Crossing,Asphalt roads,Darkness - lights lit,Normal,Vehicle with vehicle collision,Going straight,Not a Pedestrian,Driving carelessly,2
2386,Unknown,Male,Junior high school,Owner,5-10yr,Undivided Two way,Y Shape,Asphalt roads,Darkness - lights lit,Raining,Vehicle with vehicle collision,Going straight,Not a Pedestrian,Changing lane to the left,2
2387,31-50,Male,High school,Employee,2-5yr,Two-way (divided with broken lines road marking),Crossing,Asphalt roads,Daylight,Normal,Vehicle with vehicle collision,Reversing,Not a Pedestrian,No priority to vehicle,2
2388,31-50,Male,Junior high school,Employee,Above 10yr,Two-way (divided with broken lines road marking),Y Shape,Gravel roads,Darkness - lights lit,Normal,Vehicle with vehicle collision,Moving Backward,Not a Pedestrian,No priority to vehicle,2
2389,18-30,Male,Junior high school,Employee,Below 1yr,Two-way (divided with broken lines road marking),Y Shape,Asphalt roads,Darkness - lights lit,Normal,Collision with pedestrians,Overtaking,Not a Pedestrian,No distancing,2
2390,31-50,Male,Junior high school,Employee,Below 1yr,Undivided Two way,Crossing,Asphalt roads,Darkness - lights lit,Raining and Windy,Vehicle with vehicle collision,Going straight,Not a Pedestrian,Driving to the left,2
2391,Unknown,Female,Unknown,Owner,Unknown,Undivided Two way,Crossing,Asphalt roads,Darkness - lights lit,Raining and Windy,Collision with roadside objects,Going straight,Not a Pedestrian,Driving carelessly,2
2392,Under 18,Male,Junior high school,Employee,2-5yr,Undivided Two way,Crossing,Asphalt roads,Darkness - lights lit,Normal,Vehicle with vehicle collision,Going straight,Not a Pedestrian,Driving carelessly,2
2393,18-30,Male,Unknown,Unknown,Unknown,Undivided Two way,Crossing,Asphalt roads,Darkness - lights lit,Normal,Vehicle with vehicle collision,Going straight,Not a Pedestrian,Changing lane to the right,2
2394,Unknown,Male,Elementary school,Employee,No Licence,Unknown,No junction,Asphalt roads,Daylight,Normal,Vehicle with vehicle collision,Going straight,Not a Pedestrian,Driving carelessly,2
2395,18-30,Male,Junior high school,Employee,Above 10yr,Undivided Two way,Y Shape,Asphalt roads,Daylight,Normal,Vehicle with vehicle collision,Going straight,Unknown or other,Changing lane to the left,2
2396,31-50,Male,Junior high school,Owner,Above 10yr,Unknown,Y Shape,Asphalt roads,Daylight,Normal,Vehicle with vehicle collision,Going straight,Not a Pedestrian,Driving carelessly,2
2397,Over 51,Male,Junior high school,Employee,Above 10yr,Two-way (divided with broken lines road marking),Crossing,Asphalt roads,Darkness - lights lit,Normal,Vehicle with vehicle collision,Going straight,Not a Pedestrian,Driving carelessly,2
2398,31-50,Male,Junior high school,Employee,Above 10yr,Two-way (divided with broken lines road marking),Crossing,Asphalt roads,Darkness - lights lit,Normal,Vehicle with vehicle collision,Going straight,Not a Pedestrian,Driving under the influence of drugs,2
2399,31-50,Male,Junior high school,Owner,5-10yr,other,Crossing,Asphalt roads,Daylight,Normal,Vehicle with vehicle collision,Going straight,Not a Pedestrian,Driving carelessly,2
2400,31-50,Male,Junior high school,Employee,Below 1yr,Undivided Two way,Crossing,Asphalt roads,Daylight,Normal,Vehicle with vehicle collision,Going straight,Crossing from nearside - masked by parked or statioNot a Pedestrianry vehicle,No distancing,2
2401,31-50,Male,Junior high school,Employee,2-5yr,Undivided Two way,Y Shape,Asphalt roads,Daylight,Normal,Collision with roadside objects,Other,Not a Pedestrian,Driving carelessly,2
2402,18-30,Male,Junior high school,Employee,Unknown,Two-way (divided with broken lines road marking),Y Shape,Asphalt roads,Daylight,Normal,Vehicle with vehicle collision,Going straight,Not a Pedestrian,Driving to the left,2
2403,Unknown,Female,Above high school,Employee,1-2yr,Undivided Two way,Y Shape,Asphalt roads,Darkness - lights lit,Normal,Collision with roadside objects,Moving Backward,Not a Pedestrian,Overtaking,2