,Age Band of Driver,Sex of Driver,Educational Level,Vehicle Driver Relation,Driver Experience,Lanes or Medians,Type of Junction,Road Surface Type,Light Conditions,Weather Conditions,Type of Collision,Vehicle Movement,Pedestrain Movement,Cause of Accident,Accident Severity
4672,31-50,Male,Junior high school,Employee,Below 1yr,Two-way (divided with broken lines road marking),Y Shape,Asphalt roads,Darkness - lights lit,Normal,Vehicle with vehicle collision,Going straight,Not a Pedestrian,No priority to vehicle,1
4673,Unknown,Female,Junior high school,Employee,2-5yr,Undivided Two way,Y Shape,Asphalt roads,Daylight,Normal,Vehicle with vehicle collision,Going straight,"In carriageway, statioNot a Pedestrianry - not crossing  (standing or playing)",Moving Backward,2
4674,31-50,Male,Elementary school,Employee,Below 1yr,other,Y Shape,Asphalt roads,Daylight,Cloudy,Vehicle with vehicle collision,Going straight,Crossing from nearside - masked by parked or statioNot a Pedestrianry vehicle,Moving Backward,1
4675,18-30,Male,Junior high school,Employee,Below 1yr,Two-way (divided with broken lines road marking),Y Shape,Asphalt roads,Daylight,Cloudy,Vehicle with vehicle collision,Going straight,Not a Pedestrian,No distancing,1
4676,Unknown,Male,Junior high school,Employee,Unknown,Two-way (divided with broken lines road marking),Y Shape,Asphalt roads,Darkness - no lighting,Normal,Vehicle with vehicle collision,Other,Not a Pedestrian,Changing lane to the right,2
4677,31-50,Male,Unknown,Employee,5-10yr,Double carriageway (median),Y Shape,Asphalt roads,Darkness - no lighting,Normal,Vehicle with vehicle collision,Going straight,Unknown or other,Changing lane to the right,2
4678,Unknown,Male,Writing & reading,Employee,Below 1yr,One way,No junction,Asphalt roads,Darkness - lights lit,Normal,Vehicle with vehicle collision,Going straight,Not a Pedestrian,Moving Backward,2
4679,31-50,Male,Junior high school,Employee,Below 1yr,Two-way (divided with broken lines road marking),Y Shape,Asphalt roads,Daylight,Unknown,Vehicle with vehicle collision,Moving Backward,Not a Pedestrian,Driving carelessly,2
4680,18-30,Male,Junior high school,Employee,1-2yr,Undivided Two way,Y Shape,Asphalt roads,Daylight,Unknown,Collision with pedestrians,Going straight,Unknown or other,Driving under the influence of drugs,2
4681,Unknown,Male,Elementary school,Employee,Above 10yr,Undivided Two way,No junction,Asphalt roads,Daylight,Other,Vehicle with vehicle collision,Moving Backward,Unknown or other,No distancing,1
4682,31-50,Male,Elementary school,Employee,Above 10yr,other,No junction,Asphalt roads,Darkness - lights lit,Normal,Vehicle with vehicle collision,Other,Not a Pedestrian,No distancing,2
4683,18-30,Male,Elementary school,Employee,Below 1yr,Two-way (divided with broken lines road marking),No junction,Other,Darkness - lights lit,Normal,Vehicle with vehicle collision,Going straight,Not a Pedestrian,No priority to vehicle,2
4684,Unknown,Female,High school,Employee,2-5yr,Unknown,Crossing,Asphalt roads,Darkness - lights lit,Normal,Vehicle with vehicle collision,Reversing,Not a Pedestrian,Driving to the left,2
4685,18-30,Male,Junior high school,Employee,2-5yr,Two-way (divided with broken lines road marking),Crossing,Asphalt roads,Darkness - lights lit,Normal,Collision with roadside objects,Going straight,Not a Pedestrian,No priority to vehicle,2
4686,31-50,Male,Above high school,Employee,Above 10yr,Two-way (divided with broken lines road marking),Crossing,Asphalt roads,Darkness - lights lit,Normal,Vehicle with vehicle collision,Other,Not a Pedestrian,No priority to vehicle,2
4687,18-30,Male,Junior high school,Employee,2-5yr,Undivided Two way,Crossing,Asphalt roads,Darkness - lights lit,Normal,Vehicle with vehicle collision,Other,Not a Pedestrian,No priority to vehicle,2
4688,Unknown,Male,Junior high school,Employee,2-5yr,other,No junction,Asphalt roads,Daylight,Normal,Vehicle with vehicle collision,Other,Not a Pedestrian,No distancing,2
4689,Over 51,Male,High school,Employee,1-2yr,Two-way (divided with broken lines road marking),Y Shape,Asphalt roads,Daylight,Normal,Vehicle with vehicle collision,Stopping,Not a Pedestrian,Moving Backward,2
4690,Over 51,Male,Junior high school,Employee,5-10yr,Two-way (divided with broken lines road marking),Crossing,Asphalt roads,Daylight,Normal,Vehicle with vehicle collision,Other,Not a Pedestrian,Changing lane to the right,2
4691,18-30,Male,Junior high school,Employee,Below 1yr,Double carriageway (median),Crossing,Other,Daylight,Normal,Vehicle with vehicle collision,Other,Not a Pedestrian,Driving carelessly,2
4692,Unknown,Male,Junior high school,Employee,Below 1yr,Two-way (divided with broken lines road marking),Crossing,Asphalt roads,Daylight,Normal,Vehicle with vehicle collision,Other,Not a Pedestrian,Changing lane to the left,2
4693,Unknown,Female,Elementary school,Employee,Unknown,Double carriageway (median),No junction,Asphalt roads,Darkness - lights lit,Normal,Collision with roadside objects,Going straight,Crossing from driver's nearside,No distancing,1
4694,Unknown,Male,Junior high school,Employee,Below 1yr,Two-way (divided with broken lines road marking),No junction,Asphalt roads,Daylight,Normal,Vehicle with vehicle collision,Going straight,Crossing from nearside - masked by parked or statioNot a Pedestrianry vehicle,Changing lane to the right,2
4695,31-50,Male,Junior high school,Employee,1-2yr,Double carriageway (median),No junction,Asphalt roads,Daylight,Normal,Vehicle with vehicle collision,Going straight,Not a Pedestrian,Driving under the influence of drugs,2
4696,18-30,Male,Elementary school,Employee,2-5yr,Two-way (divided with broken lines road marking),Y Shape,Asphalt roads,Daylight,Normal,Vehicle with vehicle collision,Going straight,Not a Pedestrian,No distancing,2
4697,31-50,Male,High school,Employee,1-2yr,Two-way (divided with broken lines road marking),Y Shape,Asphalt roads,Daylight,Normal,Vehicle with vehicle collision,Going straight,Not a Pedestrian,Overturning,2
4698,Under 18,Male,Junior high school,Employee,5-10yr,other,No junction,Asphalt roads,Darkness - lights lit,Normal,Rollover,Going straight,Not a Pedestrian,No distancing,1
4699,Unknown,Female,Junior high school,Employee,Below 1yr,Undivided Two way,No junction,Asphalt roads,Darkness - lights lit,Normal,Vehicle with vehicle collision,Going straight,Not a Pedestrian,Changing lane to the right,1
4700,Unknown,Female,High school,Employee,Above 10yr,Undivided Two way,No junction,Unknown,Darkness - lights lit,Normal,Vehicle with vehicle collision,Going straight,Not a Pedestrian,No priority to vehicle,1
4701,Unknown,Female,Elementary school,Owner,5-10yr,Undivided Two way,No junction,Other,Darkness - lights lit,Normal,Collision with roadside objects,Going straight,Unknown or other,Changing lane to the right,1
4702,18-30,Male,Elementary school,Employee,Below 1yr,Two-way (divided with broken lines road marking),Y Shape,Asphalt roads,Daylight,Raining,Vehicle with vehicle collision,Going straight,Not a Pedestrian,Changing lane to the left,2
4703,Over 51,Male,Junior high school,Employee,5-10yr,Undivided Two way,Y Shape,Asphalt roads,Daylight,Raining,Vehicle with vehicle collision,Going straight,Not a Pedestrian,No distancing,2
4704,18-30,Male,Elementary school,Owner,5-10yr,Two-way (divided with broken lines road marking),Y Shape,Asphalt roads,Daylight,Raining,Vehicle with vehicle collision,Reversing,Not a Pedestrian,No priority to pedestrian,2
4705,Unknown,Male,Junior high school,Employee,2-5yr,Undivided Two way,No junction,Asphalt roads,Darkness - lights lit,Normal,Collision with roadside objects,Going straight,Not a Pedestrian,Driving carelessly,2
4706,Unknown,Male,Junior high school,Employee,Above 10yr,Two-way (divided with broken lines road marking),No junction,Asphalt roads with some distress,Darkness - lights lit,Normal,Collision with roadside objects,Other,Not a Pedestrian,No distancing,2
4707,18-30,Male,Junior high school,Employee,5-10yr,Two-way (divided with broken lines road marking),Y Shape,Unknown,Daylight,Normal,Vehicle with vehicle collision,Unknown,Not a Pedestrian,Driving carelessly,2
4708,31-50,Male,High school,Employee,1-2yr,Two-way (divided with broken lines road marking),Y Shape,Asphalt roads,Daylight,Normal,Vehicle with vehicle collision,Getting off,Not a Pedestrian,Driving carelessly,2
4709,Unknown,Male,Elementary school,Employee,5-10yr,Undivided Two way,Y Shape,Asphalt roads,Daylight,Normal,Collision with roadside objects,Going straight,Not a Pedestrian,Moving Backward,2
4710,Unknown,Female,Elementary school,Employee,2-5yr,Undivided Two way,No junction,Asphalt roads,Darkness - lights lit,Normal,Collision with roadside objects,Going straight,Not a Pedestrian,Overtaking,2
4711,18-30,Male,Junior high school,Employee,Below 1yr,Undivided Two way,No junction,Asphalt roads,Darkness - lights lit,Normal,Vehicle with vehicle collision,Going straight,Not a Pedestrian,No priority to vehicle,2
4712,18-30,Male,Junior high school,Employee,Below 1yr,other,No junction,Earth roads,Darkness - lights lit,Normal,Vehicle with vehicle collision,Going straight,Not a Pedestrian,No priority to vehicle,2
4713,Unknown,Female,Junior high school,Employee,5-10yr,Undivided Two way,No junction,Asphalt roads,Daylight,Normal,Vehicle with vehicle collision,Turnover,Not a Pedestrian,Changing lane to the left,2
4714,31-50,Male,Junior high school,Owner,5-10yr,Two-way (divided with solid lines road marking),No junction,Asphalt roads,Daylight,Normal,Collision with roadside objects,Entering a junction,Not a Pedestrian,No priority to vehicle,2
4715,31-50,Male,Elementary school,Employee,1-2yr,Two-way (divided with solid lines road marking),Y Shape,Asphalt roads,Darkness - lights lit,Normal,Vehicle with vehicle collision,Entering a junction,Not a Pedestrian,No distancing,2
4716,Under 18,Male,Junior high school,Employee,Unknown,Two-way (divided with solid lines road marking),Y Shape,Asphalt roads,Darkness - lights lit,Normal,Vehicle with vehicle collision,Entering a junction,Not a Pedestrian,Moving Backward,2
4717,31-50,Male,Elementary school,Employee,Above 10yr,Two-way (divided with solid lines road marking),Y Shape,Asphalt roads,Darkness - lights lit,Normal,Vehicle with vehicle collision,Entering a junction,Not a Pedestrian,Changing lane to the right,2
4718,18-30,Male,Junior high school,Owner,1-2yr,Two-way (divided with broken lines road marking),Y Shape,Asphalt roads,Darkness - lights lit,Normal,Rollover,Other,Not a Pedestrian,No distancing,2
4719,31-50,Male,Unknown,Unknown,Unknown,Undivided Two way,Y Shape,Asphalt roads,Darkness - lights lit,Normal,Vehicle with vehicle collision,Entering a junction,Not a Pedestrian,Overtaking,2
4720,Unknown,Female,Junior high school,Employee,Above 10yr,Undivided Two way,Y Shape,Asphalt roads,Daylight,Raining,Vehicle with vehicle collision,Turnover,Not a Pedestrian,No distancing,2
4721,Unknown,Female,Elementary school,Owner,2-5yr,other,Y Shape,Asphalt roads,Daylight,Raining,Collision with pedestrians,Entering a junction,Not a Pedestrian,Changing lane to the left,2
4722,Unknown,Female,Junior high school,Employee,5-10yr,Undivided Two way,Y Shape,Asphalt roads,Darkness - lights lit,Raining,Vehicle with vehicle collision,Entering a junction,Not a Pedestrian,Driving under the influence of drugs,2
4723,31-50,Male,Junior high school,Employee,Below 1yr,Two-way (divided with broken lines road marking),Y Shape,Asphalt roads,Darkness - lights lit,Raining,Vehicle with vehicle collision,Entering a junction,Not a Pedestrian,No distancing,2
4724,18-30,Male,Junior high school,Employee,5-10yr,Undivided Two way,Y Shape,Gravel roads,Darkness - lights lit,Raining,Vehicle with vehicle collision,Entering a junction,Crossing from nearside - masked by parked or statioNot a Pedestrianry vehicle,No distancing,2
4725,18-30,Male,High school,Employee,Above 10yr,Undivided Two way,Y Shape,Asphalt roads,Daylight,Normal,Vehicle with vehicle collision,Entering a junction,Not a Pedestrian,Changing lane to the right,2
4726,18-30,Male,Junior high school,Employee,5-10yr,One way,Y Shape,Asphalt roads,Darkness - lights lit,Normal,Collision with roadside objects,Other,Not a Pedestrian,Changing lane to the left,1
4727,18-30,Male,Elementary school,Employee,1-2yr,Two-way (divided with broken lines road marking),No junction,Asphalt roads,Daylight,Normal,Vehicle with vehicle collision,Going straight,Crossing from nearside - masked by parked or statioNot a Pedestrianry vehicle,Moving Backward,1
4728,Over 51,Male,Junior high school,Employee,Unknown,Undivided Two way,No junction,Asphalt roads,Daylight,Normal,Vehicle with vehicle collision,Going straight,Not a Pedestrian,No distancing,2
4729,18-30,Male,Elementary school,Employee,1-2yr,Two-way (divided with broken lines road marking),No junction,Asphalt roads,Darkness - lights lit,Normal,Vehicle with vehicle collision,Other,Not a Pedestrian,No distancing,2
4730,Under 18,Male,Junior high school,Owner,1-2yr,other,Y Shape,Asphalt roads,Darkness - lights lit,Normal,Vehicle with vehicle collision,Going straight,Not a Pedestrian,Driving carelessly,0
4731,Unknown,Female,Above high school,Owner,1-2yr,Undivided Two way,Y Shape,Asphalt roads,Darkness - lights lit,Normal,Collision with roadside objects,Going straight,Not a Pedestrian,Moving Backward,0
4732,18-30,Male,Junior high school,Owner,5-10yr,One way,Y Shape,Asphalt roads,Darkness - lights lit,Normal,Vehicle with vehicle collision,Going straight,Not a Pedestrian,No distancing,0
4733,18-30,Male,Junior high school,Employee,5-10yr,Undivided Two way,Crossing,Asphalt roads,Daylight,Raining,Collision with roadside objects,Going straight,Not a Pedestrian,Changing lane to the right,2
4734,31-50,Male,Elementary school,Employee,5-10yr,Undivided Two way,Crossing,Asphalt roads,Daylight,Raining,Vehicle with vehicle collision,Going straight,Crossing from nearside - masked by parked or statioNot a Pedestrianry vehicle,Driving carelessly,2
4735,18-30,Male,High school,Owner,Below 1yr,One way,No junction,Asphalt roads,Darkness - no lighting,Normal,Rollover,Reversing,Not a Pedestrian,Driving to the left,2
4736,Unknown,Female,Junior high school,Employee,Above 10yr,Undivided Two way,Y Shape,Asphalt roads,Darkness - lights lit,Normal,Vehicle with vehicle collision,Moving Backward,Not a Pedestrian,Changing lane to the right,2
4737,18-30,Male,Junior high school,Employee,5-10yr,Two-way (divided with broken lines road marking),Y Shape,Asphalt roads,Daylight,Unknown,Vehicle with vehicle collision,Overtaking,Crossing from nearside - masked by parked or statioNot a Pedestrianry vehicle,Driving carelessly,1
4738,31-50,Male,Junior high school,Employee,Below 1yr,Two-way (divided with broken lines road marking),Y Shape,Asphalt roads,Daylight,Unknown,Vehicle with vehicle collision,Going straight,Not a Pedestrian,Changing lane to the right,1
4739,18-30,Male,Junior high school,Employee,Above 10yr,other,Y Shape,Asphalt roads,Darkness - lights lit,Normal,Vehicle with vehicle collision,Going straight,Not a Pedestrian,No priority to vehicle,1
4740,18-30,Male,Junior high school,Employee,5-10yr,Double carriageway (median),Y Shape,Asphalt roads,Darkness - lights lit,Normal,Vehicle with vehicle collision,Going straight,"In carriageway, statioNot a Pedestrianry - not crossing  (standing or playing)",Changing lane to the right,1
4741,Unknown,Female,Junior high school,Owner,Above 10yr,Two-way (divided with broken lines road marking),Y Shape,Asphalt roads,Daylight,Unknown,Collision with pedestrians,Going straight,Crossing from nearside - masked by parked or statioNot a Pedestrianry vehicle,Turnover,2
4742,Unknown,Male,Junior high school,Employee,5-10yr,Double carriageway (median),No junction,Asphalt roads,Daylight,Unknown,Rollover,Going straight,Not a Pedestrian,No priority to vehicle,2
4743,31-50,Male,Junior high school,Employee,1-2yr,Double carriageway (median),No junction,Asphalt roads,Daylight,Unknown,Vehicle with vehicle collision,Going straight,Not a Pedestrian,Driving at high speed,2
4744,31-50,Male,Junior high school,Employee,1-2yr,Double carriageway (median),No junction,Asphalt roads,Daylight,Normal,Rollover,Going straight,Not a Pedestrian,No distancing,2
4745,18-30,Male,Junior high school,Employee,1-2yr,Two-way (divided with broken lines road marking),No junction,Asphalt roads,Daylight,Normal,Vehicle with vehicle collision,Reversing,Not a Pedestrian,No distancing,2
4746,Unknown,Male,High school,Employee,2-5yr,Unknown,Crossing,Other,Darkness - lights lit,Normal,Vehicle with vehicle collision,Going straight,Not a Pedestrian,Driving carelessly,2
4747,Under 18,Male,High school,Owner,Above 10yr,One way,Crossing,Unknown,Darkness - lights lit,Normal,Vehicle with vehicle collision,Going straight,Not a Pedestrian,Driving carelessly,2
4748,Under 18,Male,Elementary school,Employee,2-5yr,Undivided Two way,Crossing,Asphalt roads,Darkness - lights lit,Normal,Fall from vehicles,Other,Not a Pedestrian,Moving Backward,2
4749,18-30,Male,Junior high school,Employee,Above 10yr,Unknown,Crossing,Asphalt roads,Darkness - lights lit,Normal,Vehicle with vehicle collision,Entering a junction,Not a Pedestrian,No distancing,2
4750,Unknown,Female,High school,Employee,2-5yr,Two-way (divided with broken lines road marking),No junction,Asphalt roads,Daylight,Normal,Collision with roadside objects,Turnover,Not a Pedestrian,Changing lane to the right,2
4751,Under 18,Male,Junior high school,Other,No Licence,Two-way (divided with broken lines road marking),No junction,Asphalt roads,Daylight,Normal,Vehicle with vehicle collision,Going straight,Not a Pedestrian,Overtaking,2
4752,Under 18,Male,Junior high school,Employee,1-2yr,Two-way (divided with broken lines road marking),No junction,Asphalt roads,Daylight,Normal,Vehicle with vehicle collision,Going straight,Crossing from nearside - masked by parked or statioNot a Pedestrianry vehicle,No distancing,2
4753,18-30,Male,Junior high school,Owner,5-10yr,Two-way (divided with broken lines road marking),No junction,Asphalt roads,Daylight,Normal,Vehicle with vehicle collision,Going straight,Not a Pedestrian,Overtaking,2
4754,Unknown,Female,Junior high school,Employee,1-2yr,Undivided Two way,Y Shape,Asphalt roads,Darkness - lights lit,Raining,Collision with pedestrians,Going straight,Not a Pedestrian,Moving Backward,1
4755,18-30,Male,Junior high school,Employee,Above 10yr,Undivided Two way,Y Shape,Asphalt roads,Darkness - lights lit,Raining,Vehicle with vehicle collision,Going straight,Not a Pedestrian,No distancing,1
4756,18-30,Male,Junior high school,Employee,1-2yr,Two-way (divided with broken lines road marking),Y Shape,Asphalt roads,Daylight,Normal,Vehicle with vehicle collision,Going straight,Not a Pedestrian,No distancing,2
4757,Unknown,Male,Junior high school,Employee,1-2yr,Two-way (divided with broken lines road marking),Y Shape,Asphalt roads,Daylight,Normal,Vehicle with vehicle collision,Going straight,Not a Pedestrian,No priority to vehicle,2
4758,Over 51,Male,Junior high school,Employee,2-5yr,Two-way (divided with broken lines road marking),No junction,Asphalt roads,Daylight,Normal,Rollover,Going straight,Not a Pedestrian,No priority to vehicle,2
4759,31-50,Male,High school,Employee,1-2yr,Undivided Two way,No junction,Asphalt roads,Daylight,Normal,Collision with roadside objects,Getting off,Not a Pedestrian,Changing lane to the left,2
4760,Over 51,Male,Junior high school,Employee,1-2yr,Double carriageway (median),Y Shape,Other,Daylight,Normal,Vehicle with vehicle collision,Getting off,Not a Pedestrian,No distancing,2
4761,31-50,Male,Elementary school,Employee,Above 10yr,Two-way (divided with broken lines road marking),Y Shape,Asphalt roads,Daylight,Normal,Vehicle with vehicle collision,Getting off,Not a Pedestrian,Driving under the influence of drugs,2
4762,18-30,Male,Junior high school,Employee,Above 10yr,Undivided Two way,Y Shape,Asphalt roads,Daylight,Normal,Collision with roadside objects,Moving Backward,Not a Pedestrian,Changing lane to the left,2
4763,18-30,Male,Elementary school,Employee,Above 10yr,other,Y Shape,Asphalt roads,Daylight,Normal,Vehicle with vehicle collision,Going straight,Crossing from nearside - masked by parked or statioNot a Pedestrianry vehicle,Changing lane to the right,2
4764,18-30,Male,Junior high school,Employee,Above 10yr,Undivided Two way,Y Shape,Asphalt roads,Daylight,Normal,Vehicle with vehicle collision,Going straight,Not a Pedestrian,Driving to the left,2
4765,31-50,Male,Junior high school,Employee,1-2yr,Undivided Two way,Y Shape,Asphalt roads,Daylight,Normal,Vehicle with vehicle collision,Waiting to go,Not a Pedestrian,Driving at high speed,2
4766,Unknown,Male,Junior high school,Employee,5-10yr,Undivided Two way,Crossing,Asphalt roads,Daylight,Normal,Rollover,Going straight,Not a Pedestrian,Overtaking,2
4767,31-50,Male,High school,Owner,2-5yr,One way,No junction,Asphalt roads,Daylight,Cloudy,Rollover,Other,Not a Pedestrian,Changing lane to the right,2
4768,Unknown,Male,Junior high school,Employee,2-5yr,Undivided Two way,Crossing,Asphalt roads,Daylight,Normal,Collision with pedestrians,Going straight,Not a Pedestrian,Changing lane to the right,2
4769,Unknown,Male,Junior high school,Employee,5-10yr,Undivided Two way,No junction,Asphalt roads,Daylight,Normal,Vehicle with vehicle collision,Going straight,Not a Pedestrian,Moving Backward,2
4770,18-30,Male,Junior high school,Employee,5-10yr,Double carriageway (median),No junction,Other,Daylight,Normal,Vehicle with vehicle collision,Going straight,Not a Pedestrian,Moving Backward,2
4771,Under 18,Male,Junior high school,Employee,2-5yr,Two-way (divided with solid lines road marking),No junction,Asphalt roads,Daylight,Unknown,Vehicle with vehicle collision,Going straight,Unknown or other,Changing lane to the left,2
4772,Unknown,Female,High school,Employee,Above 10yr,other,No junction,Asphalt roads,Daylight,Unknown,Collision with pedestrians,Overtaking,Not a Pedestrian,Moving Backward,2
4773,Unknown,Male,Elementary school,Employee,5-10yr,Undivided Two way,Y Shape,Unknown,Daylight,Other,Collision with pedestrians,Going straight,Not a Pedestrian,No distancing,2
4774,18-30,Male,Junior high school,Employee,Above 10yr,other,No junction,Asphalt roads,Daylight,Normal,Vehicle with vehicle collision,Going straight,Crossing from nearside - masked by parked or statioNot a Pedestrianry vehicle,Moving Backward,1
4775,18-30,Male,Writing & reading,Employee,2-5yr,other,No junction,Asphalt roads,Darkness - no lighting,Normal,Vehicle with vehicle collision,Going straight,Not a Pedestrian,Changing lane to the right,1
4776,18-30,Male,Junior high school,Employee,2-5yr,other,No junction,Asphalt roads,Darkness - no lighting,Normal,Vehicle with vehicle collision,Turnover,Not a Pedestrian,Changing lane to the left,1
4777,Under 18,Male,High school,Employee,2-5yr,other,Crossing,Earth roads,Darkness - lights lit,Other,Collision with roadside objects,Going straight,Crossing from nearside - masked by parked or statioNot a Pedestrianry vehicle,No priority to vehicle,2
4778,18-30,Male,Junior high school,Employee,1-2yr,One way,Crossing,Asphalt roads,Darkness - lights lit,Other,Vehicle with vehicle collision,Going straight,Crossing from driver's nearside,No distancing,2
4779,18-30,Male,High school,Employee,5-10yr,Two-way (divided with broken lines road marking),Crossing,Asphalt roads,Darkness - lights lit,Other,Collision with roadside objects,Getting off,Not a Pedestrian,No priority to vehicle,2
4780,Unknown,Male,Elementary school,Employee,2-5yr,other,No junction,Asphalt roads,Daylight,Normal,Vehicle with vehicle collision,Moving Backward,Not a Pedestrian,Driving under the influence of drugs,2
4781,31-50,Male,Junior high school,Employee,1-2yr,Undivided Two way,No junction,Asphalt roads,Daylight,Normal,Vehicle with vehicle collision,Getting off,Not a Pedestrian,Changing lane to the right,2
4782,31-50,Male,Elementary school,Employee,1-2yr,Two-way (divided with broken lines road marking),No junction,Asphalt roads,Daylight,Normal,Collision with roadside objects,Overtaking,Not a Pedestrian,No distancing,2
4783,Over 51,Female,High school,Employee,No Licence,Two-way (divided with broken lines road marking),No junction,Asphalt roads,Daylight,Normal,Vehicle with vehicle collision,Going straight,Not a Pedestrian,No distancing,2
4784,18-30,Male,Junior high school,Owner,5-10yr,Two-way (divided with broken lines road marking),Y Shape,Asphalt roads,Daylight,Other,Vehicle with vehicle collision,Going straight,Not a Pedestrian,Changing lane to the left,2
4785,31-50,Male,Junior high school,Employee,1-2yr,Unknown,No junction,Asphalt roads,Daylight,Unknown,Collision with roadside objects,Going straight,Not a Pedestrian,Changing lane to the right,2
4786,Unknown,Female,Junior high school,Employee,2-5yr,Undivided Two way,No junction,Asphalt roads,Daylight,Unknown,Collision with roadside objects,Reversing,Not a Pedestrian,Changing lane to the right,2
4787,Over 51,Male,Junior high school,Employee,5-10yr,Two-way (divided with broken lines road marking),Crossing,Asphalt roads,Daylight,Normal,Vehicle with vehicle collision,Getting off,Not a Pedestrian,Driving under the influence of drugs,2
4788,31-50,Male,Unknown,Unknown,Unknown,Two-way (divided with broken lines road marking),Crossing,Asphalt roads,Daylight,Normal,Vehicle with vehicle collision,Going straight,Not a Pedestrian,Moving Backward,2
4789,31-50,Male,Unknown,Unknown,Unknown,Two-way (divided with broken lines road marking),Crossing,Asphalt roads,Daylight,Normal,Vehicle with vehicle collision,Going straight,Not a Pedestrian,Changing lane to the left,2
4790,Over 51,Male,Junior high school,Employee,2-5yr,Two-way (divided with broken lines road marking),Y Shape,Asphalt roads,Daylight,Normal,Vehicle with vehicle collision,Going straight,Not a Pedestrian,No priority to pedestrian,1
4791,Over 51,Male,Junior high school,Employee,Above 10yr,Two-way (divided with broken lines road marking),Y Shape,Asphalt roads,Daylight,Normal,Vehicle with vehicle collision,Reversing,Not a Pedestrian,No distancing,1
4792,18-30,Male,Junior high school,Owner,Above 10yr,Undivided Two way,Crossing,Asphalt roads,Daylight,Normal,Vehicle with vehicle collision,Going straight,Not a Pedestrian,No distancing,2
4793,18-30,Male,Unknown,Unknown,Unknown,Two-way (divided with broken lines road marking),Crossing,Asphalt roads,Daylight,Normal,Vehicle with vehicle collision,Stopping,Not a Pedestrian,Changing lane to the left,2
4794,Over 51,Male,Elementary school,Owner,Above 10yr,Undivided Two way,Crossing,Asphalt roads,Daylight,Normal,Vehicle with vehicle collision,Overtaking,Not a Pedestrian,Changing lane to the right,2
4795,Unknown,Male,Unknown,Unknown,Unknown,Undivided Two way,Y Shape,Earth roads,Darkness - no lighting,Raining,Vehicle with vehicle collision,Going straight,Not a Pedestrian,Driving carelessly,2
4796,18-30,Male,Junior high school,Owner,5-10yr,Undivided Two way,Crossing,Asphalt roads,Daylight,Normal,Vehicle with vehicle collision,Reversing,Not a Pedestrian,No distancing,1
4797,18-30,Male,Junior high school,Owner,Above 10yr,Undivided Two way,Crossing,Asphalt roads,Daylight,Normal,Vehicle with vehicle collision,Going straight,Not a Pedestrian,Changing lane to the left,1
4798,Over 51,Male,High school,Owner,Above 10yr,Undivided Two way,Crossing,Asphalt roads,Daylight,Normal,Vehicle with vehicle collision,Going straight,Not a Pedestrian,Moving Backward,1
4799,Under 18,Male,Unknown,Unknown,Unknown,Two-way (divided with broken lines road marking),No junction,Asphalt roads,Daylight,Normal,Vehicle with vehicle collision,Reversing,Not a Pedestrian,No distancing,2
4800,Unknown,Male,Elementary school,Employee,5-10yr,Two-way (divided with broken lines road marking),No junction,Asphalt roads,Daylight,Normal,Vehicle with vehicle collision,Going straight,Crossing from driver's nearside,No priority to pedestrian,2
4801,18-30,Male,Elementary school,Owner,Above 10yr,Two-way (divided with broken lines road marking),Y Shape,Asphalt roads,Daylight,Normal,Vehicle with vehicle collision,Waiting to go,Not a Pedestrian,Changing lane to the left,2
4802,18-30,Male,Junior high school,Owner,Below 1yr,Undivided Two way,Y Shape,Asphalt roads,Daylight,Normal,Vehicle with vehicle collision,Going straight,Not a Pedestrian,No distancing,2
4803,Unknown,Male,Junior high school,Owner,2-5yr,Two-way (divided with broken lines road marking),Y Shape,Asphalt roads,Daylight,Normal,Vehicle with vehicle collision,Going straight,Not a Pedestrian,Driving carelessly,2
4804,31-50,Male,Junior high school,Owner,2-5yr,Two-way (divided with broken lines road marking),Y Shape,Asphalt roads,Daylight,Normal,Vehicle with vehicle collision,Going straight,Not a Pedestrian,No priority to vehicle,2
4805,31-50,Male,High school,Owner,5-10yr,Undivided Two way,Y Shape,Asphalt roads,Daylight,Normal,Collision with roadside objects,Going straight,Not a Pedestrian,Changing lane to the right,2
4806,18-30,Male,Junior high school,Owner,Unknown,other,Crossing,Earth roads,Daylight,Normal,Vehicle with vehicle collision,Getting off,Not a Pedestrian,Moving Backward,2
4807,31-50,Male,Unknown,Owner,Below 1yr,other,No junction,Asphalt roads,Daylight,Normal,Collision with pedestrians,Going straight,Not a Pedestrian,No priority to vehicle,2
4808,18-30,Male,Elementary school,Owner,Above 10yr,Two-way (divided with broken lines road marking),No junction,Asphalt roads,Daylight,Normal,Vehicle with vehicle collision,Going straight,Not a Pedestrian,No priority to pedestrian,2