,Age Band of Driver,Sex of Driver,Educational Level,Vehicle Driver Relation,Driver Experience,Lanes or Medians,Type of Junction,Road Surface Type,Light Conditions,Weather Conditions,Type of Collision,Vehicle Movement,Pedestrain Movement,Cause of Accident,Accident Severity
5523,31-50,Male,Junior high school,Owner,Below 1yr,Undivided Two way,No junction,Asphalt roads,Daylight,Unknown,Vehicle with vehicle collision,Going straight,Not a Pedestrian,No priority to vehicle,2
5524,31-50,Male,Junior high school,Employee,5-10yr,Undivided Two way,No junction,Earth roads,Daylight,Unknown,Vehicle with vehicle collision,Going straight,Not a Pedestrian,Driving carelessly,2
5525,31-50,Male,Elementary school,Employee,2-5yr,Undivided Two way,No junction,Asphalt roads,Daylight,Raining,Collision with roadside-parked vehicles,Going straight,Crossing from nearside - masked by parked or statioNot a Pedestrianry vehicle,Moving Backward,2
5526,31-50,Male,Junior high school,Owner,2-5yr,Two-way (divided with broken lines road marking),No junction,Asphalt roads,Daylight,Raining,Collision with roadside-parked vehicles,Going straight,Not a Pedestrian,Driving carelessly,2
5527,31-50,Male,Elementary school,Employee,2-5yr,Undivided Two way,No junction,Earth roads,Daylight,Raining,Collision with animals,Going straight,Not a Pedestrian,No priority to vehicle,2
5528,Unknown,Male,Junior high school,Owner,2-5yr,Two-way (divided with broken lines road marking),No junction,Asphalt roads,Daylight,Normal,Collision with animals,Other,Not a Pedestrian,Changing lane to the right,1
5529,31-50,Male,Junior high school,Employee,Above 10yr,other,Crossing,Asphalt roads,Darkness - lights lit,Normal,Collision with animals,Going straight,Not a Pedestrian,Changing lane to the left,2
5530,18-30,Male,Junior high school,Employee,2-5yr,Two-way (divided with broken lines road marking),Crossing,Asphalt roads,Darkness - lights lit,Normal,Collision with animals,Going straight,Not a Pedestrian,No priority to vehicle,2
5531,31-50,Male,Junior high school,Employee,1-2yr,Two-way (divided with broken lines road marking),Y Shape,Asphalt roads,Daylight,Normal,Collision with animals,Going straight,Not a Pedestrian,Driving carelessly,2
5532,31-50,Male,Junior high school,Employee,2-5yr,Two-way (divided with broken lines road marking),Y Shape,Asphalt roads,Daylight,Normal,Collision with animals,Going straight,Not a Pedestrian,Moving Backward,2
5533,Over 51,Male,Junior high school,Employee,1-2yr,other,Y Shape,Asphalt roads,Daylight,Normal,Collision with animals,Going straight,Not a Pedestrian,Overtaking,2
5534,Over 51,Male,Junior high school,Employee,5-10yr,other,Y Shape,Asphalt roads,Daylight,Normal,Collision with animals,Going straight,Not a Pedestrian,Changing lane to the left,2
5535,18-30,Male,Junior high school,Employee,5-10yr,Undivided Two way,Y Shape,Asphalt roads,Daylight,Normal,Collision with animals,Moving Backward,Not a Pedestrian,Changing lane to the right,2
5536,Unknown,Male,Elementary school,Owner,2-5yr,Double carriageway (median),Y Shape,Asphalt roads,Daylight,Normal,Collision with animals,Going straight,Not a Pedestrian,Overtaking,2
5537,18-30,Male,Elementary school,Employee,Below 1yr,other,Y Shape,Asphalt roads,Daylight,Normal,Collision with animals,Going straight,Not a Pedestrian,Overloading,1
5538,Over 51,Male,Unknown,Unknown,Unknown,Undivided Two way,Unknown,Asphalt roads,Daylight,Normal,Collision with animals,Going straight,Not a Pedestrian,Other,1
5539,18-30,Male,Junior high school,Employee,Above 10yr,Two-way (divided with broken lines road marking),Other,Asphalt roads,Daylight,Other,Other,Going straight,Not a Pedestrian,No priority to vehicle,2
5540,Unknown,Female,High school,Employee,1-2yr,Two-way (divided with broken lines road marking),Other,Asphalt roads with some distress,Daylight,Other,Rollover,Going straight,Not a Pedestrian,Changing lane to the right,2
5541,Unknown,Female,Junior high school,Owner,5-10yr,Two-way (divided with broken lines road marking),No junction,Asphalt roads,Darkness - lights lit,Raining,Collision with animals,Going straight,Not a Pedestrian,Moving Backward,2
5542,18-30,Male,Junior high school,Employee,1-2yr,Double carriageway (median),No junction,Asphalt roads,Darkness - lights lit,Raining,Rollover,Going straight,Not a Pedestrian,Changing lane to the left,2
5543,18-30,Male,Junior high school,Employee,Above 10yr,Double carriageway (median),No junction,Asphalt roads,Darkness - lights lit,Raining,Collision with animals,Going straight,Not a Pedestrian,No priority to pedestrian,2
5544,Unknown,Male,Junior high school,Employee,Below 1yr,Double carriageway (median),No junction,Asphalt roads,Daylight,Normal,Collision with animals,Going straight,Not a Pedestrian,No distancing,2
5545,18-30,Male,Elementary school,Employee,2-5yr,Double carriageway (median),No junction,Asphalt roads,Daylight,Normal,Vehicle with vehicle collision,Going straight,Not a Pedestrian,No priority to vehicle,2
5546,31-50,Male,Junior high school,Employee,5-10yr,Double carriageway (median),No junction,Asphalt roads,Daylight,Normal,Fall from vehicles,Going straight,Not a Pedestrian,No distancing,2
5547,18-30,Male,Elementary school,Employee,5-10yr,Undivided Two way,No junction,Asphalt roads,Daylight,Normal,Collision with roadside-parked vehicles,Going straight,Not a Pedestrian,No distancing,2
5548,18-30,Male,Junior high school,Owner,1-2yr,One way,Other,Asphalt roads,Daylight,Normal,Collision with roadside-parked vehicles,Other,Not a Pedestrian,Moving Backward,2
5549,31-50,Male,Junior high school,Employee,5-10yr,One way,Other,Asphalt roads,Daylight,Normal,Rollover,Going straight,Not a Pedestrian,Changing lane to the right,2
5550,31-50,Male,Unknown,Other,Unknown,Double carriageway (median),Y Shape,Asphalt roads,Darkness - lights lit,Normal,Collision with animals,Going straight,Crossing from nearside - masked by parked or statioNot a Pedestrianry vehicle,No priority to pedestrian,2
5551,Unknown,Male,High school,Employee,2-5yr,Two-way (divided with broken lines road marking),Y Shape,Asphalt roads,Darkness - lights lit,Normal,Collision with animals,Going straight,Not a Pedestrian,Moving Backward,2
5552,Under 18,Male,Junior high school,Employee,1-2yr,Double carriageway (median),O Shape,Asphalt roads,Daylight,Raining,Fall from vehicles,Going straight,Not a Pedestrian,Getting off the vehicle improperly,2
5553,Unknown,Male,Junior high school,Employee,5-10yr,Unknown,O Shape,Asphalt roads,Daylight,Raining,Collision with roadside-parked vehicles,Going straight,Not a Pedestrian,Overtaking,2
5554,Unknown,Male,Junior high school,Employee,2-5yr,Double carriageway (median),Crossing,Asphalt roads,Daylight,Normal,Collision with animals,Going straight,Not a Pedestrian,Overloading,2
5555,31-50,Male,Junior high school,Employee,No Licence,Two-way (divided with broken lines road marking),Crossing,Asphalt roads,Daylight,Normal,Collision with animals,Going straight,Unknown or other,Changing lane to the right,2
5556,31-50,Male,Junior high school,Employee,Above 10yr,Undivided Two way,Crossing,Asphalt roads,Daylight,Normal,Collision with pedestrians,Other,Not a Pedestrian,Improper parking,2
5557,31-50,Male,Junior high school,Employee,Above 10yr,Undivided Two way,No junction,Asphalt roads,Daylight,Raining,Vehicle with vehicle collision,Going straight,Not a Pedestrian,Other,0
5558,31-50,Male,Junior high school,Employee,5-10yr,Undivided Two way,No junction,Asphalt roads,Daylight,Raining,Vehicle with vehicle collision,Going straight,Crossing from nearside - masked by parked or statioNot a Pedestrianry vehicle,Changing lane to the left,0
5559,Over 51,Male,High school,Employee,2-5yr,Undivided Two way,No junction,Asphalt roads,Daylight,Raining,Collision with pedestrians,Going straight,Not a Pedestrian,Changing lane to the right,0
5560,Unknown,Female,High school,Owner,2-5yr,Undivided Two way,No junction,Gravel roads,Daylight,Unknown,Vehicle with vehicle collision,Going straight,Not a Pedestrian,No priority to pedestrian,2
5561,18-30,Male,Junior high school,Employee,Below 1yr,other,No junction,Asphalt roads,Daylight,Unknown,Collision with roadside objects,Going straight,Not a Pedestrian,Overspeed,2
5562,31-50,Male,Junior high school,Owner,Above 10yr,other,No junction,Asphalt roads,Darkness - lights lit,Other,Vehicle with vehicle collision,Going straight,Not a Pedestrian,Changing lane to the left,1
5563,Unknown,Female,Junior high school,Employee,Above 10yr,Double carriageway (median),No junction,Asphalt roads,Darkness - lights lit,Other,Vehicle with vehicle collision,Going straight,Not a Pedestrian,No priority to vehicle,1
5564,Over 51,Male,Elementary school,Employee,2-5yr,Unknown,Other,Asphalt roads,Darkness - lights lit,Normal,Vehicle with vehicle collision,Going straight,Not a Pedestrian,Changing lane to the right,0
5565,18-30,Male,Junior high school,Employee,2-5yr,One way,Other,Asphalt roads,Darkness - lights lit,Normal,Rollover,Going straight,Not a Pedestrian,No distancing,0
5566,Over 51,Male,Unknown,Employee,Above 10yr,One way,No junction,Asphalt roads,Daylight,Cloudy,Vehicle with vehicle collision,Moving Backward,Not a Pedestrian,No priority to pedestrian,2
5567,Unknown,Male,Elementary school,Employee,5-10yr,Undivided Two way,No junction,Asphalt roads,Daylight,Cloudy,Vehicle with vehicle collision,Going straight,Not a Pedestrian,No distancing,2
5568,Under 18,Male,Junior high school,Employee,Below 1yr,One way,Crossing,Asphalt roads,Daylight,Normal,Vehicle with vehicle collision,Going straight,Not a Pedestrian,No priority to vehicle,2
5569,18-30,Male,Elementary school,Employee,Below 1yr,other,Crossing,Asphalt roads,Daylight,Normal,Collision with pedestrians,Going straight,Not a Pedestrian,Other,2
5570,18-30,Male,Junior high school,Employee,Below 1yr,other,Y Shape,Asphalt roads,Darkness - lights lit,Other,Vehicle with vehicle collision,Going straight,Not a Pedestrian,Driving carelessly,2
5571,31-50,Male,Junior high school,Employee,5-10yr,Undivided Two way,Y Shape,Asphalt roads,Darkness - lights lit,Other,Collision with roadside objects,Moving Backward,Not a Pedestrian,Changing lane to the left,2
5572,31-50,Male,Junior high school,Owner,5-10yr,Double carriageway (median),Y Shape,Asphalt roads,Darkness - lights lit,Other,Vehicle with vehicle collision,Going straight,Crossing from nearside - masked by parked or statioNot a Pedestrianry vehicle,Driving carelessly,2
5573,31-50,Male,High school,Owner,5-10yr,Two-way (divided with broken lines road marking),Y Shape,Asphalt roads,Darkness - lights lit,Other,Rollover,Other,Not a Pedestrian,Changing lane to the left,2
5574,18-30,Male,Junior high school,Employee,5-10yr,Undivided Two way,No junction,Asphalt roads,Darkness - lights lit,Normal,Vehicle with vehicle collision,Other,Not a Pedestrian,No priority to vehicle,2
5575,Over 51,Male,Junior high school,Employee,2-5yr,Double carriageway (median),No junction,Gravel roads,Daylight,Normal,Vehicle with vehicle collision,Going straight,Not a Pedestrian,No distancing,2
5576,31-50,Male,Elementary school,Employee,5-10yr,Two-way (divided with broken lines road marking),No junction,Asphalt roads,Daylight,Normal,Vehicle with vehicle collision,Going straight,Not a Pedestrian,Changing lane to the right,2
5577,Unknown,Male,Junior high school,Employee,2-5yr,other,No junction,Asphalt roads,Daylight,Normal,Vehicle with vehicle collision,Going straight,Crossing from driver's nearside,Changing lane to the right,2
5578,18-30,Male,Junior high school,Employee,Below 1yr,Two-way (divided with broken lines road marking),T Shape,Asphalt roads,Daylight,Normal,Vehicle with vehicle collision,Going straight,Not a Pedestrian,Driving at high speed,2
5579,Under 18,Male,Elementary school,Employee,2-5yr,One way,T Shape,Asphalt roads,Daylight,Normal,Collision with roadside objects,Other,Not a Pedestrian,No distancing,2
5580,31-50,Male,Junior high school,Employee,2-5yr,One way,No junction,Earth roads,Daylight,Unknown,Vehicle with vehicle collision,Going straight,Unknown or other,Changing lane to the right,2
5581,Unknown,Male,Junior high school,Employee,2-5yr,Undivided Two way,No junction,Asphalt roads,Daylight,Unknown,Vehicle with vehicle collision,Getting off,Not a Pedestrian,Changing lane to the left,2
5582,18-30,Male,Junior high school,Employee,5-10yr,Two-way (divided with broken lines road marking),No junction,Asphalt roads,Darkness - lights lit,Normal,Collision with roadside objects,Going straight,Not a Pedestrian,Getting off the vehicle improperly,2
5583,18-30,Male,Junior high school,Employee,5-10yr,other,Crossing,Unknown,Daylight,Normal,Collision with roadside objects,Going straight,Not a Pedestrian,Other,2
5584,Under 18,Male,Junior high school,Employee,Unknown,Two-way (divided with broken lines road marking),Crossing,Gravel roads,Daylight,Normal,Vehicle with vehicle collision,Going straight,Not a Pedestrian,Other,2
5585,Unknown,Male,Junior high school,Owner,5-10yr,Two-way (divided with broken lines road marking),No junction,Asphalt roads,Daylight,Normal,Vehicle with vehicle collision,Going straight,Not a Pedestrian,No distancing,2
5586,Under 18,Male,Junior high school,Employee,2-5yr,Two-way (divided with broken lines road marking),No junction,Unknown,Daylight,Normal,Vehicle with vehicle collision,Going straight,Not a Pedestrian,No priority to vehicle,2
5587,Under 18,Male,Junior high school,Employee,Below 1yr,One way,No junction,Asphalt roads,Daylight,Normal,Vehicle with vehicle collision,Going straight,Not a Pedestrian,Overtaking,2
5588,31-50,Male,Junior high school,Employee,1-2yr,Two-way (divided with broken lines road marking),Y Shape,Earth roads,Daylight,Normal,Collision with roadside objects,Moving Backward,Not a Pedestrian,No priority to pedestrian,1
5589,18-30,Male,Junior high school,Employee,Below 1yr,Undivided Two way,Y Shape,Asphalt roads,Daylight,Normal,Vehicle with vehicle collision,Going straight,Not a Pedestrian,No distancing,2
5590,31-50,Male,Junior high school,Employee,Above 10yr,Two-way (divided with broken lines road marking),Y Shape,Asphalt roads,Daylight,Normal,Vehicle with vehicle collision,Other,Not a Pedestrian,Changing lane to the right,2
5591,31-50,Male,Junior high school,Employee,Below 1yr,Two-way (divided with broken lines road marking),Y Shape,Asphalt roads,Daylight,Normal,Vehicle with vehicle collision,Going straight,Not a Pedestrian,Driving carelessly,2
5592,Unknown,Male,Junior high school,Employee,2-5yr,Two-way (divided with broken lines road marking),Other,Asphalt roads,Darkness - lights lit,Other,Vehicle with vehicle collision,Going straight,Not a Pedestrian,Changing lane to the right,2
5593,31-50,Male,Junior high school,Employee,1-2yr,Undivided Two way,No junction,Asphalt roads,Darkness - no lighting,Raining,Vehicle with vehicle collision,Going straight,Not a Pedestrian,Overtaking,1
5594,18-30,Male,Elementary school,Employee,5-10yr,Undivided Two way,Y Shape,Earth roads,Darkness - lights lit,Raining,Vehicle with vehicle collision,Going straight,Crossing from nearside - masked by parked or statioNot a Pedestrianry vehicle,Other,2
5595,31-50,Male,Junior high school,Owner,Below 1yr,Undivided Two way,Y Shape,Asphalt roads,Darkness - lights lit,Raining,Collision with roadside objects,Unknown,Not a Pedestrian,Driving to the left,2
5596,Under 18,Male,Junior high school,Employee,Below 1yr,Undivided Two way,Y Shape,Asphalt roads,Darkness - lights lit,Raining,Vehicle with vehicle collision,Moving Backward,Not a Pedestrian,Driving at high speed,2
5597,18-30,Male,Writing & reading,Employee,Below 1yr,Unknown,No junction,Asphalt roads,Daylight,Raining,Collision with pedestrians,Unknown,Not a Pedestrian,Unknown,2
5598,Over 51,Male,Junior high school,Employee,1-2yr,Undivided Two way,No junction,Asphalt roads,Daylight,Raining,Collision with roadside objects,Going straight,Not a Pedestrian,Changing lane to the right,2
5599,18-30,Male,Elementary school,Owner,5-10yr,Unknown,Y Shape,Asphalt roads,Darkness - lights lit,Normal,Collision with roadside objects,Going straight,Not a Pedestrian,No distancing,2
5600,31-50,Male,Junior high school,Employee,2-5yr,Two-way (divided with broken lines road marking),Y Shape,Asphalt roads,Darkness - lights lit,Normal,Vehicle with vehicle collision,Unknown,Not a Pedestrian,Other,2
5601,Unknown,Male,Junior high school,Owner,Below 1yr,Two-way (divided with broken lines road marking),Y Shape,Asphalt roads,Daylight,Other,Rollover,Going straight,Not a Pedestrian,No priority to vehicle,2
5602,31-50,Male,Writing & reading,Employee,5-10yr,other,No junction,Asphalt roads,Darkness - lights lit,Normal,Vehicle with vehicle collision,Going straight,Not a Pedestrian,Changing lane to the left,2
5603,Unknown,Male,Writing & reading,Employee,5-10yr,Undivided Two way,No junction,Asphalt roads,Darkness - lights lit,Normal,Vehicle with vehicle collision,Going straight,Not a Pedestrian,No priority to pedestrian,2
5604,18-30,Male,Junior high school,Employee,5-10yr,Undivided Two way,No junction,Asphalt roads,Daylight,Other,Vehicle with vehicle collision,Going straight,Not a Pedestrian,Overtaking,2
5605,31-50,Male,Junior high school,Employee,2-5yr,Two-way (divided with broken lines road marking),No junction,Asphalt roads,Daylight,Other,Vehicle with vehicle collision,Going straight,Not a Pedestrian,Driving carelessly,2
5606,Unknown,Female,Junior high school,Employee,Above 10yr,Undivided Two way,No junction,Earth roads,Daylight,Normal,Vehicle with vehicle collision,Going straight,Not a Pedestrian,No priority to vehicle,2
5607,31-50,Male,Junior high school,Employee,5-10yr,One way,No junction,Asphalt roads,Daylight,Normal,Vehicle with vehicle collision,Going straight,Not a Pedestrian,No priority to pedestrian,2
5608,Unknown,Male,Junior high school,Employee,Above 10yr,Undivided Two way,No junction,Asphalt roads,Daylight,Normal,Vehicle with vehicle collision,Other,Not a Pedestrian,Changing lane to the right,2
5609,Unknown,Male,Junior high school,Employee,2-5yr,Two-way (divided with broken lines road marking),No junction,Asphalt roads,Daylight,Normal,Vehicle with vehicle collision,Going straight,Not a Pedestrian,Driving carelessly,2
5610,Over 51,Male,Junior high school,Employee,Below 1yr,Two-way (divided with broken lines road marking),No junction,Asphalt roads,Darkness - lights lit,Normal,Collision with roadside objects,Going straight,Not a Pedestrian,Changing lane to the right,2
5611,18-30,Male,Junior high school,Employee,Below 1yr,Undivided Two way,No junction,Other,Darkness - lights lit,Normal,Vehicle with vehicle collision,Going straight,Not a Pedestrian,Changing lane to the right,2
5612,Unknown,Male,Junior high school,Owner,5-10yr,Two-way (divided with broken lines road marking),Y Shape,Gravel roads,Darkness - lights lit,Raining,Vehicle with vehicle collision,Going straight,Not a Pedestrian,Changing lane to the left,2
5613,Unknown,Male,Junior high school,Employee,2-5yr,Two-way (divided with broken lines road marking),No junction,Gravel roads,Daylight,Normal,Vehicle with vehicle collision,Going straight,Not a Pedestrian,Overturning,2
5614,18-30,Male,Elementary school,Employee,Below 1yr,Undivided Two way,No junction,Asphalt roads,Daylight,Normal,Vehicle with vehicle collision,Going straight,Not a Pedestrian,Driving carelessly,2
5615,18-30,Male,Junior high school,Employee,2-5yr,other,Y Shape,Asphalt roads,Darkness - lights lit,Raining,Collision with pedestrians,Moving Backward,Not a Pedestrian,No distancing,2
5616,Unknown,Male,Junior high school,Employee,5-10yr,One way,No junction,Earth roads,Daylight,Normal,Vehicle with vehicle collision,Going straight,Not a Pedestrian,Driving carelessly,2
5617,Under 18,Male,High school,Employee,Above 10yr,Undivided Two way,No junction,Asphalt roads,Daylight,Normal,Vehicle with vehicle collision,Going straight,Not a Pedestrian,Changing lane to the left,2
5618,31-50,Male,High school,Employee,Above 10yr,One way,No junction,Asphalt roads,Daylight,Normal,Vehicle with vehicle collision,Going straight,Not a Pedestrian,No priority to vehicle,2
5619,31-50,Male,Junior high school,Employee,5-10yr,Undivided Two way,No junction,Asphalt roads,Daylight,Normal,Vehicle with vehicle collision,Going straight,Not a Pedestrian,Changing lane to the right,2
5620,18-30,Male,Elementary school,Employee,1-2yr,One way,No junction,Asphalt roads,Daylight,Other,Vehicle with vehicle collision,Going straight,Not a Pedestrian,No distancing,2
5621,Under 18,Male,Elementary school,Employee,5-10yr,Undivided Two way,No junction,Earth roads,Daylight,Other,Vehicle with vehicle collision,Going straight,Not a Pedestrian,Moving Backward,2
5622,Over 51,Male,Junior high school,Employee,5-10yr,Two-way (divided with broken lines road marking),Y Shape,Asphalt roads,Daylight,Normal,Collision with roadside objects,Going straight,Not a Pedestrian,Overtaking,2
5623,Over 51,Male,Junior high school,Employee,1-2yr,other,Y Shape,Asphalt roads,Daylight,Normal,Vehicle with vehicle collision,Getting off,Not a Pedestrian,Changing lane to the left,2
5624,18-30,Male,Junior high school,Owner,5-10yr,other,No junction,Asphalt roads,Darkness - lights lit,Raining,Vehicle with vehicle collision,Going straight,Not a Pedestrian,Changing lane to the right,2
5625,31-50,Male,High school,Owner,Above 10yr,Two-way (divided with broken lines road marking),No junction,Asphalt roads,Darkness - lights lit,Unknown,Vehicle with vehicle collision,Going straight,Not a Pedestrian,Overtaking,2
5626,Unknown,Female,Unknown,Owner,Below 1yr,other,No junction,Asphalt roads,Darkness - lights lit,Unknown,Vehicle with vehicle collision,Turnover,Not a Pedestrian,Overloading,2
5627,Unknown,Male,Writing & reading,Owner,5-10yr,Two-way (divided with broken lines road marking),Y Shape,Asphalt roads,Darkness - lights lit,Unknown,Vehicle with vehicle collision,Moving Backward,Crossing from driver's nearside,Other,2
5628,18-30,Male,Above high school,Employee,Above 10yr,Undivided Two way,Y Shape,Asphalt roads,Darkness - lights lit,Unknown,Vehicle with vehicle collision,Going straight,Not a Pedestrian,No priority to vehicle,2
5629,Over 51,Male,High school,Employee,Below 1yr,Two-way (divided with broken lines road marking),Y Shape,Asphalt roads,Daylight,Normal,Vehicle with vehicle collision,Moving Backward,Crossing from driver's nearside,Changing lane to the right,2
5630,Under 18,Male,Junior high school,Employee,1-2yr,Undivided Two way,Y Shape,Asphalt roads,Daylight,Normal,Vehicle with vehicle collision,Going straight,Not a Pedestrian,Moving Backward,2
5631,Unknown,Female,Junior high school,Employee,Above 10yr,Undivided Two way,No junction,Asphalt roads,Darkness - lights lit,Normal,Rollover,Unknown,Not a Pedestrian,Changing lane to the left,2
5632,18-30,Male,Junior high school,Owner,Above 10yr,Undivided Two way,No junction,Earth roads,Darkness - lights lit,Normal,Vehicle with vehicle collision,Going straight,Not a Pedestrian,No priority to pedestrian,2
5633,18-30,Male,Junior high school,Employee,Above 10yr,Two-way (divided with broken lines road marking),Y Shape,Asphalt roads,Daylight,Normal,Vehicle with vehicle collision,Unknown,Crossing from nearside - masked by parked or statioNot a Pedestrianry vehicle,No distancing,2
5634,18-30,Male,Junior high school,Employee,No Licence,Undivided Two way,Y Shape,Asphalt roads,Daylight,Normal,Vehicle with vehicle collision,Going straight,Not a Pedestrian,No priority to vehicle,2
5635,Unknown,Male,Junior high school,Employee,1-2yr,Double carriageway (median),Y Shape,Asphalt roads,Daylight,Normal,Collision with roadside objects,Unknown,Not a Pedestrian,No distancing,2
5636,18-30,Male,Illiterate,Owner,1-2yr,Two-way (divided with broken lines road marking),Other,Asphalt roads,Daylight,Raining,Vehicle with vehicle collision,Going straight,Not a Pedestrian,No distancing,2
5637,Under 18,Male,Junior high school,Owner,Below 1yr,Two-way (divided with broken lines road marking),Other,Earth roads,Daylight,Raining,Vehicle with vehicle collision,Going straight,Not a Pedestrian,Moving Backward,2
5638,18-30,Male,Junior high school,Owner,1-2yr,Two-way (divided with broken lines road marking),Other,Asphalt roads,Daylight,Raining,Vehicle with vehicle collision,Going straight,Not a Pedestrian,Changing lane to the right,2
5639,Over 51,Male,Junior high school,Owner,2-5yr,One way,Other,Asphalt roads,Daylight,Raining,Collision with roadside objects,Going straight,Not a Pedestrian,No priority to pedestrian,2
5640,31-50,Male,Unknown,Owner,5-10yr,Two-way (divided with broken lines road marking),Other,Asphalt roads,Daylight,Normal,Vehicle with vehicle collision,Going straight,Not a Pedestrian,Moving Backward,1
5641,Under 18,Male,Unknown,Owner,Above 10yr,Two-way (divided with broken lines road marking),Other,Asphalt roads,Daylight,Normal,Vehicle with vehicle collision,Other,Not a Pedestrian,Getting off the vehicle improperly,1
5642,Unknown,Male,Junior high school,Owner,2-5yr,Two-way (divided with broken lines road marking),No junction,Asphalt roads,Daylight,Normal,Vehicle with vehicle collision,Other,Not a Pedestrian,Overtaking,2
5643,Over 51,Male,Elementary school,Owner,Above 10yr,Two-way (divided with broken lines road marking),Y Shape,Asphalt roads,Darkness - lights lit,Normal,Vehicle with vehicle collision,Going straight,Not a Pedestrian,Overloading,2
5644,31-50,Male,Writing & reading,Owner,5-10yr,Two-way (divided with broken lines road marking),Y Shape,Asphalt roads,Darkness - lights lit,Normal,Collision with roadside objects,Going straight,Not a Pedestrian,Changing lane to the right,2
5645,Unknown,Male,Unknown,Owner,Unknown,Undivided Two way,Crossing,Asphalt roads,Daylight,Normal,Vehicle with vehicle collision,Getting off,Not a Pedestrian,Improper parking,2
5646,18-30,Male,Junior high school,Owner,5-10yr,Double carriageway (median),Crossing,Other,Daylight,Normal,Vehicle with vehicle collision,Going straight,Not a Pedestrian,Other,2
5647,Unknown,Female,Junior high school,Owner,Below 1yr,Two-way (divided with broken lines road marking),No junction,Asphalt roads,Daylight,Normal,Vehicle with vehicle collision,Going straight,Not a Pedestrian,Changing lane to the left,1
5648,18-30,Male,Junior high school,Owner,2-5yr,Two-way (divided with broken lines road marking),No junction,Asphalt roads,Daylight,Normal,Vehicle with vehicle collision,Going straight,Not a Pedestrian,Changing lane to the right,1
5649,31-50,Male,Elementary school,Employee,2-5yr,Double carriageway (median),T Shape,Asphalt roads,Daylight,Unknown,Vehicle with vehicle collision,Going straight,Not a Pedestrian,No priority to pedestrian,1
5650,18-30,Male,Junior high school,Employee,2-5yr,Two-way (divided with broken lines road marking),T Shape,Asphalt roads,Daylight,Unknown,Collision with pedestrians,Going straight,Not a Pedestrian,Overspeed,1
5651,Unknown,Male,Junior high school,Employee,2-5yr,Two-way (divided with broken lines road marking),Y Shape,Asphalt roads,Daylight,Unknown,Vehicle with vehicle collision,Getting off,Not a Pedestrian,Changing lane to the left,2
5652,18-30,Male,Junior high school,Employee,5-10yr,other,Y Shape,Asphalt roads,Daylight,Unknown,Vehicle with vehicle collision,Going straight,Not a Pedestrian,No priority to vehicle,2
5653,Over 51,Male,Junior high school,Employee,5-10yr,Two-way (divided with broken lines road marking),Y Shape,Asphalt roads,Daylight,Raining,Collision with roadside objects,Going straight,Not a Pedestrian,Changing lane to the right,2
5654,Unknown,Female,Junior high school,Employee,Above 10yr,Double carriageway (median),Y Shape,Earth roads,Daylight,Raining,Vehicle with vehicle collision,Other,Not a Pedestrian,No distancing,2
5655,Over 51,Male,Elementary school,Employee,5-10yr,Undivided Two way,No junction,Asphalt roads,Darkness - lights lit,Normal,Vehicle with vehicle collision,Going straight,Not a Pedestrian,No priority to pedestrian,2
5656,31-50,Male,Junior high school,Employee,5-10yr,Two-way (divided with broken lines road marking),No junction,Asphalt roads,Darkness - lights lit,Normal,Collision with pedestrians,Going straight,Not a Pedestrian,No distancing,2
5657,31-50,Male,Junior high school,Employee,Above 10yr,Two-way (divided with broken lines road marking),No junction,Asphalt roads,Darkness - lights lit,Normal,Vehicle with vehicle collision,Going straight,Not a Pedestrian,No priority to vehicle,2
5658,Over 51,Male,Elementary school,Owner,Unknown,One way,Y Shape,Asphalt roads,Daylight,Normal,Vehicle with vehicle collision,Going straight,Not a Pedestrian,Other,2
5659,Unknown,Male,Junior high school,Owner,5-10yr,Double carriageway (median),No junction,Asphalt roads,Daylight,Normal,Collision with pedestrians,Going straight,Not a Pedestrian,Driving carelessly,2
5660,31-50,Male,Junior high school,Employee,5-10yr,Two-way (divided with broken lines road marking),No junction,Asphalt roads,Daylight,Normal,Collision with pedestrians,Reversing,Not a Pedestrian,Changing lane to the left,2
5661,Under 18,Male,Junior high school,Employee,Below 1yr,Double carriageway (median),Y Shape,Asphalt roads,Daylight,Normal,Collision with pedestrians,Other,Not a Pedestrian,Driving carelessly,1
5662,Over 51,Male,Unknown,Unknown,Unknown,Undivided Two way,Y Shape,Asphalt roads,Daylight,Normal,Collision with roadside objects,Going straight,Not a Pedestrian,Changing lane to the left,1
5663,31-50,Male,Junior high school,Employee,5-10yr,Two-way (divided with broken lines road marking),Unknown,Asphalt roads,Daylight,Normal,Vehicle with vehicle collision,Going straight,Not a Pedestrian,No priority to vehicle,2
5664,Over 51,Male,Junior high school,Employee,5-10yr,other,Unknown,Asphalt roads,Daylight,Normal,Vehicle with vehicle collision,Going straight,Not a Pedestrian,No distancing,2