,Age Band of Driver,Sex of Driver,Educational Level,Vehicle Driver Relation,Driver Experience,Lanes or Medians,Type of Junction,Road Surface Type,Light Conditions,Weather Conditions,Type of Collision,Vehicle Movement,Pedestrain Movement,Cause of Accident,Accident Severity
5948,31-50,Male,Junior high school,Employee,1-2yr,Two-way (divided with broken lines road marking),No junction,Asphalt roads,Daylight,Normal,Vehicle with vehicle collision,Going straight,Not a Pedestrian,Driving carelessly,2
5949,Unknown,Female,Junior high school,Employee,Above 10yr,Undivided Two way,No junction,Other,Daylight,Normal,Vehicle with vehicle collision,Turnover,Not a Pedestrian,Changing lane to the left,2
5950,Over 51,Male,Junior high school,Owner,Above 10yr,Two-way (divided with broken lines road marking),T Shape,Asphalt roads,Daylight,Normal,Vehicle with vehicle collision,Reversing,Not a Pedestrian,No distancing,2
5951,18-30,Male,Junior high school,Employee,Above 10yr,Undivided Two way,T Shape,Asphalt roads,Daylight,Normal,Vehicle with vehicle collision,Moving Backward,Not a Pedestrian,Changing lane to the right,2
5952,18-30,Male,Junior high school,Employee,No Licence,Two-way (divided with broken lines road marking),No junction,Asphalt roads,Daylight,Normal,Vehicle with vehicle collision,Other,Unknown or other,No distancing,1
5953,Over 51,Male,Junior high school,Employee,1-2yr,Undivided Two way,No junction,Asphalt roads,Daylight,Normal,Vehicle with vehicle collision,Going straight,Crossing from driver's nearside,Driving to the left,1
5954,Over 51,Male,Illiterate,Owner,1-2yr,One way,No junction,Asphalt roads,Daylight,Normal,Vehicle with vehicle collision,Going straight,Not a Pedestrian,No distancing,1
5955,Over 51,Male,Junior high school,Owner,Below 1yr,Two-way (divided with broken lines road marking),No junction,Asphalt roads,Daylight,Normal,Other,Going straight,Not a Pedestrian,Overtaking,2
5956,Over 51,Male,Junior high school,Owner,1-2yr,Double carriageway (median),No junction,Asphalt roads,Daylight,Normal,Vehicle with vehicle collision,Going straight,Not a Pedestrian,Driving under the influence of drugs,2
5957,31-50,Male,Junior high school,Owner,2-5yr,Undivided Two way,No junction,Asphalt roads,Darkness - lights lit,Normal,Collision with roadside objects,Going straight,Not a Pedestrian,No priority to pedestrian,1
5958,18-30,Male,Unknown,Owner,5-10yr,Undivided Two way,No junction,Asphalt roads,Darkness - lights lit,Normal,Vehicle with vehicle collision,Going straight,Not a Pedestrian,Moving Backward,1
5959,18-30,Male,Unknown,Owner,Above 10yr,Undivided Two way,No junction,Asphalt roads,Darkness - lights lit,Normal,Vehicle with vehicle collision,Going straight,Not a Pedestrian,Changing lane to the right,1
5960,31-50,Male,Junior high school,Owner,2-5yr,other,Other,Asphalt roads,Daylight,Normal,Vehicle with vehicle collision,Going straight,Not a Pedestrian,Changing lane to the left,2
5961,31-50,Male,Elementary school,Owner,Above 10yr,Undivided Two way,Other,Asphalt roads,Daylight,Normal,Vehicle with vehicle collision,Going straight,Not a Pedestrian,Changing lane to the right,2
5962,31-50,Male,Writing & reading,Owner,5-10yr,Undivided Two way,Other,Asphalt roads,Daylight,Normal,Vehicle with vehicle collision,Other,Not a Pedestrian,Driving under the influence of drugs,2
5963,18-30,Male,Unknown,Owner,Unknown,Undivided Two way,No junction,Asphalt roads,Daylight,Normal,Vehicle with vehicle collision,Moving Backward,Not a Pedestrian,No priority to vehicle,0
5964,18-30,Male,Junior high school,Owner,5-10yr,Undivided Two way,No junction,Asphalt roads,Daylight,Normal,Collision with roadside objects,Going straight,Not a Pedestrian,No priority to vehicle,0
5965,18-30,Male,Junior high school,Owner,Below 1yr,Two-way (divided with broken lines road marking),No junction,Asphalt roads,Daylight,Normal,Collision with roadside objects,Moving Backward,Not a Pedestrian,Changing lane to the left,0
5966,18-30,Male,Junior high school,Owner,2-5yr,Two-way (divided with broken lines road marking),No junction,Asphalt roads,Daylight,Normal,Vehicle with vehicle collision,Going straight,Not a Pedestrian,Changing lane to the right,0
5967,18-30,Male,Elementary school,Employee,2-5yr,Two-way (divided with broken lines road marking),No junction,Asphalt roads,Daylight,Normal,Collision with roadside objects,Moving Backward,Unknown or other,Changing lane to the right,0
5968,18-30,Male,Junior high school,Employee,2-5yr,One way,No junction,Asphalt roads,Daylight,Normal,Collision with roadside objects,Unknown,Not a Pedestrian,Changing lane to the left,0
5969,Under 18,Male,Junior high school,Employee,2-5yr,Two-way (divided with broken lines road marking),Y Shape,Asphalt roads,Darkness - lights lit,Normal,Vehicle with vehicle collision,Going straight,Not a Pedestrian,Changing lane to the left,2
5970,Under 18,Male,Junior high school,Employee,5-10yr,Undivided Two way,Y Shape,Gravel roads,Darkness - lights lit,Normal,Vehicle with vehicle collision,Going straight,Not a Pedestrian,Getting off the vehicle improperly,2
5971,31-50,Male,Junior high school,Employee,5-10yr,Unknown,Crossing,Asphalt roads,Daylight,Normal,Collision with roadside objects,Going straight,Not a Pedestrian,Overtaking,1
5972,18-30,Male,Junior high school,Employee,Above 10yr,Undivided Two way,Crossing,Asphalt roads,Daylight,Normal,Vehicle with vehicle collision,Going straight,Not a Pedestrian,Changing lane to the left,1
5973,Over 51,Male,Elementary school,Employee,5-10yr,Undivided Two way,No junction,Asphalt roads,Daylight,Normal,Vehicle with vehicle collision,Other,Not a Pedestrian,Driving under the influence of drugs,2
5974,Over 51,Male,Junior high school,Employee,5-10yr,other,No junction,Asphalt roads,Daylight,Normal,Vehicle with vehicle collision,Going straight,Not a Pedestrian,Driving carelessly,2
5975,Unknown,Male,Junior high school,Employee,Above 10yr,One way,No junction,Asphalt roads,Daylight,Raining,Vehicle with vehicle collision,Moving Backward,Not a Pedestrian,Moving Backward,2
5976,31-50,Male,Elementary school,Owner,Unknown,Two-way (divided with broken lines road marking),No junction,Asphalt roads,Daylight,Raining,Vehicle with vehicle collision,Moving Backward,Not a Pedestrian,No distancing,2
5977,Unknown,Male,Junior high school,Owner,5-10yr,Two-way (divided with broken lines road marking),No junction,Asphalt roads,Daylight,Normal,Vehicle with vehicle collision,Moving Backward,Not a Pedestrian,No priority to vehicle,2
5978,31-50,Male,Junior high school,Employee,5-10yr,Undivided Two way,No junction,Asphalt roads,Daylight,Normal,Collision with pedestrians,Going straight,Not a Pedestrian,Overturning,2
5979,18-30,Male,Junior high school,Employee,Below 1yr,Two-way (divided with broken lines road marking),No junction,Asphalt roads,Daylight,Raining,Vehicle with vehicle collision,Going straight,Not a Pedestrian,Changing lane to the left,2
5980,18-30,Male,Unknown,Unknown,Unknown,Two-way (divided with broken lines road marking),No junction,Asphalt roads,Daylight,Raining,Collision with roadside objects,Going straight,Not a Pedestrian,No distancing,2
5981,18-30,Male,Junior high school,Employee,5-10yr,One way,Other,Asphalt roads,Daylight,Normal,Vehicle with vehicle collision,Going straight,Unknown or other,Moving Backward,2
5982,18-30,Male,Junior high school,Employee,5-10yr,Two-way (divided with broken lines road marking),Other,Asphalt roads,Daylight,Normal,Vehicle with vehicle collision,Other,Not a Pedestrian,No priority to vehicle,2
5983,18-30,Male,Junior high school,Employee,Above 10yr,One way,No junction,Asphalt roads,Darkness - lights lit,Normal,Vehicle with vehicle collision,Going straight,Not a Pedestrian,No priority to vehicle,2
5984,31-50,Male,High school,Employee,Above 10yr,Two-way (divided with broken lines road marking),Other,Asphalt roads,Darkness - lights lit,Normal,Vehicle with vehicle collision,Going straight,Unknown or other,No distancing,2
5985,31-50,Male,Junior high school,Employee,Above 10yr,Two-way (divided with broken lines road marking),Other,Asphalt roads,Darkness - lights lit,Normal,Vehicle with vehicle collision,Going straight,Crossing from nearside - masked by parked or statioNot a Pedestrianry vehicle,No distancing,2
5986,Unknown,Male,Junior high school,Employee,Above 10yr,Undivided Two way,Crossing,Asphalt roads,Daylight,Normal,Vehicle with vehicle collision,Reversing,Not a Pedestrian,Overtaking,1
5987,18-30,Male,Junior high school,Employee,Above 10yr,Two-way (divided with broken lines road marking),Crossing,Asphalt roads,Daylight,Normal,Vehicle with vehicle collision,Moving Backward,Not a Pedestrian,Driving under the influence of drugs,1
5988,31-50,Male,Junior high school,Employee,Above 10yr,Two-way (divided with broken lines road marking),Crossing,Gravel roads,Daylight,Normal,Vehicle with vehicle collision,Going straight,Not a Pedestrian,Changing lane to the right,1
5989,Unknown,Male,Junior high school,Employee,5-10yr,Undivided Two way,No junction,Asphalt roads,Daylight,Normal,Vehicle with vehicle collision,Going straight,Not a Pedestrian,Changing lane to the left,2
5990,Over 51,Male,Junior high school,Employee,2-5yr,Two-way (divided with broken lines road marking),No junction,Gravel roads,Darkness - lights lit,Other,Collision with roadside objects,Reversing,Not a Pedestrian,Driving carelessly,1
5991,Under 18,Male,Junior high school,Employee,Below 1yr,Two-way (divided with broken lines road marking),No junction,Asphalt roads,Darkness - lights lit,Normal,Vehicle with vehicle collision,Going straight,Not a Pedestrian,Moving Backward,2
5992,Under 18,Male,Junior high school,Employee,Below 1yr,other,No junction,Asphalt roads,Darkness - lights lit,Normal,Collision with roadside objects,Reversing,Not a Pedestrian,Moving Backward,2
5993,Unknown,Male,Junior high school,Employee,2-5yr,Two-way (divided with broken lines road marking),No junction,Asphalt roads,Darkness - lights lit,Normal,Vehicle with vehicle collision,Other,Not a Pedestrian,Changing lane to the right,2
5994,31-50,Male,Elementary school,Employee,Below 1yr,other,No junction,Asphalt roads,Daylight,Normal,Vehicle with vehicle collision,Unknown,Not a Pedestrian,No priority to vehicle,2
5995,Unknown,Male,Junior high school,Employee,Below 1yr,Undivided Two way,No junction,Asphalt roads,Daylight,Normal,Unknown,Going straight,Not a Pedestrian,Driving at high speed,2
5996,31-50,Male,Junior high school,Employee,Unknown,Two-way (divided with broken lines road marking),Y Shape,Asphalt roads,Daylight,Normal,Collision with pedestrians,Going straight,Not a Pedestrian,Driving under the influence of drugs,2
5997,31-50,Male,Unknown,Employee,5-10yr,Two-way (divided with broken lines road marking),Y Shape,Asphalt roads,Daylight,Normal,Vehicle with vehicle collision,Going straight,Not a Pedestrian,Changing lane to the right,2
5998,Unknown,Female,Writing & reading,Employee,Below 1yr,other,Crossing,Asphalt roads,Darkness - lights lit,Cloudy,Vehicle with vehicle collision,Going straight,Not a Pedestrian,Driving carelessly,2
5999,Under 18,Male,Junior high school,Employee,Below 1yr,other,Crossing,Asphalt roads,Darkness - lights lit,Cloudy,Vehicle with vehicle collision,Going straight,Not a Pedestrian,No distancing,2
6000,31-50,Male,Junior high school,Employee,1-2yr,Two-way (divided with broken lines road marking),Crossing,Asphalt roads,Daylight,Normal,Collision with pedestrians,Going straight,Not a Pedestrian,Changing lane to the left,2
6001,18-30,Male,Elementary school,Employee,Above 10yr,Undivided Two way,Crossing,Asphalt roads,Daylight,Normal,Collision with roadside objects,Going straight,Not a Pedestrian,No distancing,2
6002,31-50,Male,Elementary school,Employee,Above 10yr,Undivided Two way,Y Shape,Asphalt roads,Darkness - lights lit,Normal,Unknown,Going straight,Not a Pedestrian,No distancing,2
6003,18-30,Male,Elementary school,Employee,Below 1yr,Undivided Two way,Y Shape,Asphalt roads,Darkness - lights lit,Normal,Vehicle with vehicle collision,Going straight,Not a Pedestrian,Getting off the vehicle improperly,2
6004,31-50,Male,High school,Employee,2-5yr,Undivided Two way,Y Shape,Asphalt roads,Darkness - lights lit,Normal,Unknown,Going straight,Not a Pedestrian,Overtaking,2
6005,31-50,Male,Junior high school,Employee,2-5yr,Undivided Two way,Y Shape,Asphalt roads,Darkness - lights lit,Normal,Unknown,Going straight,Not a Pedestrian,Driving carelessly,2
6006,Over 51,Male,Above high school,Employee,Above 10yr,Undivided Two way,No junction,Asphalt roads,Darkness - lights lit,Normal,Unknown,Going straight,Not a Pedestrian,Driving under the influence of drugs,0
6007,18-30,Male,Junior high school,Employee,2-5yr,Unknown,No junction,Asphalt roads,Darkness - lights lit,Normal,Vehicle with vehicle collision,Going straight,Unknown or other,Moving Backward,0
6008,Under 18,Male,Junior high school,Employee,2-5yr,Two-way (divided with broken lines road marking),Other,Asphalt roads,Daylight,Normal,Vehicle with vehicle collision,Going straight,Not a Pedestrian,Overturning,2
6009,18-30,Male,High school,Employee,1-2yr,Undivided Two way,Other,Asphalt roads,Daylight,Normal,Collision with roadside objects,Going straight,Not a Pedestrian,Driving under the influence of drugs,2
6010,18-30,Male,Junior high school,Employee,5-10yr,Two-way (divided with broken lines road marking),No junction,Asphalt roads,Daylight,Normal,Collision with roadside objects,Moving Backward,Not a Pedestrian,Changing lane to the right,1
6011,31-50,Male,Junior high school,Employee,Below 1yr,Two-way (divided with broken lines road marking),Y Shape,Asphalt roads,Daylight,Other,Vehicle with vehicle collision,Going straight,Not a Pedestrian,Changing lane to the left,1
6012,Unknown,Male,Junior high school,Employee,Below 1yr,One way,Y Shape,Asphalt roads,Daylight,Other,Vehicle with vehicle collision,Going straight,Not a Pedestrian,No distancing,1
6013,31-50,Male,Elementary school,Employee,Unknown,Undivided Two way,Other,Asphalt roads,Daylight,Normal,Vehicle with vehicle collision,Going straight,Not a Pedestrian,No distancing,1
6014,18-30,Male,Junior high school,Employee,Below 1yr,Undivided Two way,Other,Asphalt roads,Daylight,Normal,Vehicle with vehicle collision,Unknown,Not a Pedestrian,No priority to vehicle,1
6015,Unknown,Female,Junior high school,Employee,1-2yr,Two-way (divided with broken lines road marking),No junction,Asphalt roads,Daylight,Other,Vehicle with vehicle collision,Turnover,Not a Pedestrian,Moving Backward,2
6016,18-30,Male,Elementary school,Employee,2-5yr,One way,No junction,Asphalt roads,Daylight,Other,Rollover,Going straight,Not a Pedestrian,Moving Backward,2
6017,Unknown,Female,High school,Employee,1-2yr,Undivided Two way,No junction,Asphalt roads,Daylight,Normal,Vehicle with vehicle collision,Going straight,Not a Pedestrian,Getting off the vehicle improperly,2
6018,18-30,Male,Junior high school,Employee,5-10yr,One way,Crossing,Asphalt roads,Daylight,Normal,Collision with roadside objects,Going straight,Not a Pedestrian,Changing lane to the left,2
6019,18-30,Male,Junior high school,Employee,Below 1yr,Two-way (divided with broken lines road marking),Y Shape,Asphalt roads,Daylight,Normal,Collision with pedestrians,Going straight,Not a Pedestrian,Changing lane to the left,2
6020,31-50,Male,High school,Employee,Above 10yr,Two-way (divided with broken lines road marking),Y Shape,Asphalt roads,Daylight,Normal,Vehicle with vehicle collision,Going straight,Not a Pedestrian,No priority to vehicle,2
6021,31-50,Male,Elementary school,Owner,5-10yr,Undivided Two way,Y Shape,Asphalt roads,Daylight,Normal,Vehicle with vehicle collision,Going straight,Crossing from driver's nearside,Changing lane to the right,2
6022,31-50,Male,Elementary school,Employee,Below 1yr,Two-way (divided with solid lines road marking),Y Shape,Asphalt roads,Daylight,Normal,Vehicle with vehicle collision,Going straight,Not a Pedestrian,Changing lane to the right,2
6023,Unknown,Male,Junior high school,Employee,5-10yr,Undivided Two way,No junction,Asphalt roads,Darkness - lights lit,Normal,Vehicle with vehicle collision,Going straight,Not a Pedestrian,Driving carelessly,2
6024,18-30,Male,Elementary school,Owner,5-10yr,One way,No junction,Asphalt roads,Darkness - lights lit,Normal,Vehicle with vehicle collision,Going straight,Not a Pedestrian,Changing lane to the left,2
6025,31-50,Male,Junior high school,Employee,2-5yr,Two-way (divided with broken lines road marking),Y Shape,Asphalt roads,Darkness - lights lit,Normal,Vehicle with vehicle collision,Turnover,Not a Pedestrian,Changing lane to the right,1
6026,18-30,Male,Junior high school,Employee,Above 10yr,Undivided Two way,Crossing,Asphalt roads,Daylight,Raining,Vehicle with vehicle collision,Unknown,Not a Pedestrian,Driving under the influence of drugs,2
6027,18-30,Male,Junior high school,Employee,5-10yr,Two-way (divided with broken lines road marking),Crossing,Asphalt roads,Daylight,Raining,Collision with roadside objects,Reversing,Not a Pedestrian,Driving carelessly,2
6028,31-50,Male,High school,Employee,1-2yr,One way,Crossing,Asphalt roads,Daylight,Raining,Rollover,Other,Crossing from nearside - masked by parked or statioNot a Pedestrianry vehicle,No distancing,2
6029,Unknown,Male,Junior high school,Employee,Above 10yr,Undivided Two way,T Shape,Asphalt roads,Darkness - lights lit,Normal,Vehicle with vehicle collision,Going straight,Not a Pedestrian,No priority to vehicle,2
6030,Under 18,Male,Elementary school,Owner,2-5yr,One way,T Shape,Asphalt roads,Darkness - lights lit,Normal,Collision with pedestrians,Going straight,Not a Pedestrian,No priority to vehicle,2
6031,Under 18,Male,Junior high school,Employee,5-10yr,Undivided Two way,T Shape,Asphalt roads,Darkness - lights lit,Normal,Vehicle with vehicle collision,Turnover,Not a Pedestrian,No priority to vehicle,2
6032,Under 18,Male,Junior high school,Employee,Below 1yr,Undivided Two way,T Shape,Asphalt roads,Darkness - lights lit,Normal,Vehicle with vehicle collision,Other,Not a Pedestrian,Changing lane to the left,2
6033,Under 18,Male,Junior high school,Employee,5-10yr,Undivided Two way,T Shape,Asphalt roads,Darkness - lights lit,Normal,Collision with pedestrians,Going straight,Not a Pedestrian,Moving Backward,2
6034,Under 18,Male,High school,Employee,Above 10yr,One way,T Shape,Asphalt roads,Darkness - lights lit,Normal,Collision with pedestrians,Going straight,Not a Pedestrian,Driving carelessly,2
6035,Unknown,Male,Junior high school,Employee,5-10yr,other,Other,Asphalt roads,Daylight,Normal,Vehicle with vehicle collision,Other,Not a Pedestrian,Driving under the influence of drugs,2
6036,18-30,Male,Elementary school,Employee,1-2yr,Two-way (divided with broken lines road marking),Other,Asphalt roads,Daylight,Normal,Vehicle with vehicle collision,Going straight,Not a Pedestrian,Changing lane to the right,2
6037,Unknown,Male,Junior high school,Employee,Unknown,Two-way (divided with broken lines road marking),Y Shape,Asphalt roads,Darkness - lights lit,Normal,Vehicle with vehicle collision,Turnover,Crossing from nearside - masked by parked or statioNot a Pedestrianry vehicle,No priority to vehicle,2
6038,31-50,Male,Above high school,Employee,1-2yr,Two-way (divided with broken lines road marking),Y Shape,Asphalt roads,Darkness - lights lit,Normal,Vehicle with vehicle collision,Going straight,Not a Pedestrian,Changing lane to the right,2
6039,31-50,Male,Junior high school,Employee,Above 10yr,Two-way (divided with broken lines road marking),Y Shape,Asphalt roads,Darkness - lights lit,Normal,Vehicle with vehicle collision,Turnover,Not a Pedestrian,Driving to the left,2
6040,Unknown,Male,Junior high school,Employee,1-2yr,Two-way (divided with broken lines road marking),Y Shape,Asphalt roads,Daylight,Normal,Collision with roadside objects,Going straight,Crossing from offside - masked by  parked or statioNot a Pedestrianry vehicle,Moving Backward,1
6041,Under 18,Male,Junior high school,Employee,5-10yr,Undivided Two way,Y Shape,Asphalt roads,Daylight,Normal,Vehicle with vehicle collision,Moving Backward,Not a Pedestrian,No priority to vehicle,1
6042,Under 18,Male,Junior high school,Employee,2-5yr,Two-way (divided with broken lines road marking),Y Shape,Asphalt roads,Daylight,Normal,Vehicle with vehicle collision,Unknown,Not a Pedestrian,No distancing,1
6043,Unknown,Male,Unknown,Unknown,Unknown,Two-way (divided with broken lines road marking),No junction,Asphalt roads,Darkness - lights lit,Normal,Vehicle with vehicle collision,Going straight,Not a Pedestrian,Driving carelessly,2
6044,18-30,Male,Junior high school,Employee,2-5yr,Undivided Two way,No junction,Asphalt roads,Darkness - lights lit,Normal,Vehicle with vehicle collision,Going straight,Not a Pedestrian,Changing lane to the left,2
6045,31-50,Male,Junior high school,Employee,2-5yr,One way,No junction,Asphalt roads,Daylight,Normal,Vehicle with vehicle collision,Reversing,Not a Pedestrian,No priority to vehicle,2
6046,18-30,Male,Junior high school,Employee,Above 10yr,Undivided Two way,No junction,Asphalt roads,Daylight,Normal,Vehicle with vehicle collision,Reversing,Not a Pedestrian,No priority to vehicle,2
6047,Unknown,Male,Junior high school,Employee,1-2yr,Two-way (divided with broken lines road marking),Y Shape,Asphalt roads,Daylight,Other,Vehicle with vehicle collision,Reversing,Not a Pedestrian,No distancing,2
6048,18-30,Male,Above high school,Owner,1-2yr,Two-way (divided with broken lines road marking),Y Shape,Asphalt roads,Daylight,Other,Vehicle with vehicle collision,Going straight,Not a Pedestrian,Driving to the left,2
6049,Unknown,Male,Above high school,Employee,No Licence,Undivided Two way,Crossing,Asphalt roads,Darkness - lights lit,Snow,Vehicle with vehicle collision,Going straight,Not a Pedestrian,Driving carelessly,1
6050,31-50,Male,Junior high school,Employee,1-2yr,Two-way (divided with broken lines road marking),Crossing,Asphalt roads,Darkness - lights lit,Snow,Vehicle with vehicle collision,Going straight,Not a Pedestrian,Driving carelessly,1
6051,31-50,Male,Junior high school,Employee,5-10yr,Two-way (divided with broken lines road marking),Crossing,Asphalt roads,Darkness - lights lit,Snow,Vehicle with vehicle collision,Going straight,Not a Pedestrian,Changing lane to the right,1
6052,Unknown,Female,Junior high school,Employee,Above 10yr,Undivided Two way,Y Shape,Asphalt roads,Darkness - lights lit,Normal,Vehicle with vehicle collision,Moving Backward,Not a Pedestrian,Driving carelessly,2
6053,31-50,Male,Junior high school,Employee,Above 10yr,Undivided Two way,Y Shape,Asphalt roads,Darkness - lights lit,Normal,Vehicle with vehicle collision,Going straight,Not a Pedestrian,Changing lane to the left,2
6054,Under 18,Male,Junior high school,Owner,5-10yr,other,No junction,Asphalt roads,Daylight,Normal,Vehicle with vehicle collision,Moving Backward,Not a Pedestrian,Driving carelessly,2
6055,31-50,Male,Elementary school,Employee,2-5yr,One way,No junction,Asphalt roads,Daylight,Normal,Vehicle with vehicle collision,Moving Backward,Not a Pedestrian,Driving carelessly,2
6056,18-30,Male,Junior high school,Employee,2-5yr,Two-way (divided with broken lines road marking),Crossing,Asphalt roads,Darkness - lights lit,Other,Collision with roadside objects,Going straight,Not a Pedestrian,Driving under the influence of drugs,2
6057,18-30,Male,Junior high school,Employee,Below 1yr,Two-way (divided with broken lines road marking),Crossing,Asphalt roads,Darkness - lights lit,Other,Vehicle with vehicle collision,Other,Crossing from nearside - masked by parked or statioNot a Pedestrianry vehicle,Driving carelessly,2
6058,18-30,Male,Junior high school,Employee,2-5yr,Undivided Two way,No junction,Asphalt roads,Daylight,Windy,Vehicle with vehicle collision,Going straight,Not a Pedestrian,No distancing,1
6059,18-30,Male,Junior high school,Employee,2-5yr,Two-way (divided with broken lines road marking),No junction,Asphalt roads,Daylight,Windy,Vehicle with vehicle collision,Other,Not a Pedestrian,Driving carelessly,1
6060,18-30,Male,Elementary school,Employee,5-10yr,Two-way (divided with broken lines road marking),No junction,Asphalt roads,Daylight,Windy,Vehicle with vehicle collision,Going straight,Not a Pedestrian,Driving to the left,1
6061,Unknown,Male,Junior high school,Employee,Above 10yr,One way,No junction,Asphalt roads,Daylight,Windy,Collision with pedestrians,Reversing,Crossing from nearside - masked by parked or statioNot a Pedestrianry vehicle,Overtaking,1
6062,18-30,Male,Unknown,Unknown,Unknown,Two-way (divided with broken lines road marking),Y Shape,Asphalt roads,Daylight,Normal,Vehicle with vehicle collision,Unknown,Not a Pedestrian,No distancing,1
6063,Under 18,Male,Junior high school,Employee,2-5yr,One way,Y Shape,Asphalt roads,Daylight,Normal,Vehicle with vehicle collision,Going straight,Crossing from nearside - masked by parked or statioNot a Pedestrianry vehicle,Driving carelessly,1
6064,Unknown,Male,Junior high school,Employee,5-10yr,Two-way (divided with broken lines road marking),No junction,Asphalt roads,Daylight,Normal,Vehicle with vehicle collision,Going straight,Not a Pedestrian,No priority to vehicle,2
6065,31-50,Male,Above high school,Employee,2-5yr,Two-way (divided with broken lines road marking),No junction,Asphalt roads,Daylight,Normal,Vehicle with vehicle collision,Going straight,Not a Pedestrian,No priority to vehicle,2
6066,Unknown,Male,Unknown,Unknown,Unknown,Undivided Two way,Y Shape,Asphalt roads,Daylight,Other,Vehicle with vehicle collision,Going straight,Not a Pedestrian,No priority to vehicle,2
6067,Unknown,Male,Unknown,Employee,1-2yr,Two-way (divided with broken lines road marking),No junction,Asphalt roads,Darkness - lights lit,Normal,Vehicle with vehicle collision,Going straight,Not a Pedestrian,No priority to vehicle,2
6068,Unknown,Male,Junior high school,Employee,2-5yr,Two-way (divided with broken lines road marking),Y Shape,Asphalt roads,Daylight,Normal,Vehicle with vehicle collision,Going straight,Not a Pedestrian,No distancing,2
6069,18-30,Male,Junior high school,Employee,Above 10yr,Undivided Two way,No junction,Asphalt roads,Darkness - lights lit,Cloudy,Vehicle with vehicle collision,Other,Not a Pedestrian,Moving Backward,2
6070,18-30,Male,Junior high school,Employee,Below 1yr,Two-way (divided with broken lines road marking),No junction,Asphalt roads,Darkness - lights lit,Cloudy,Collision with pedestrians,Going straight,Not a Pedestrian,No distancing,2
6071,Unknown,Male,Junior high school,Employee,2-5yr,Two-way (divided with broken lines road marking),No junction,Asphalt roads,Darkness - lights lit,Cloudy,Vehicle with vehicle collision,Going straight,Not a Pedestrian,Changing lane to the left,2
6072,18-30,Male,Junior high school,Employee,Below 1yr,other,No junction,Asphalt roads,Darkness - lights lit,Raining,Vehicle with vehicle collision,Going straight,Not a Pedestrian,Changing lane to the left,2
6073,Unknown,Male,High school,Employee,5-10yr,Two-way (divided with broken lines road marking),No junction,Asphalt roads,Daylight,Normal,Vehicle with vehicle collision,Going straight,Not a Pedestrian,No priority to pedestrian,2
6074,Over 51,Male,Above high school,Employee,1-2yr,other,No junction,Asphalt roads,Darkness - lights lit,Normal,Vehicle with vehicle collision,Reversing,Not a Pedestrian,Moving Backward,2
6075,18-30,Male,Junior high school,Employee,Below 1yr,Undivided Two way,No junction,Asphalt roads,Darkness - lights lit,Normal,Collision with roadside objects,Going straight,Not a Pedestrian,Changing lane to the left,2
6076,Unknown,Male,Unknown,Unknown,Unknown,Two-way (divided with broken lines road marking),No junction,Asphalt roads,Daylight,Normal,Vehicle with vehicle collision,Going straight,Not a Pedestrian,No distancing,2
6077,31-50,Male,High school,Employee,Below 1yr,Two-way (divided with broken lines road marking),No junction,Asphalt roads,Daylight,Normal,Vehicle with vehicle collision,Other,Not a Pedestrian,No priority to vehicle,2
6078,31-50,Male,High school,Employee,Below 1yr,other,No junction,Asphalt roads,Daylight,Normal,Vehicle with vehicle collision,Going straight,Not a Pedestrian,Changing lane to the right,2
6079,Unknown,Male,Unknown,Unknown,Unknown,other,No junction,Asphalt roads,Daylight,Normal,Vehicle with vehicle collision,Going straight,Not a Pedestrian,No distancing,2
6080,31-50,Male,High school,Employee,2-5yr,Two-way (divided with broken lines road marking),No junction,Asphalt roads,Darkness - lights lit,Normal,Vehicle with vehicle collision,Going straight,Not a Pedestrian,No distancing,2
6081,18-30,Male,Junior high school,Employee,Above 10yr,Undivided Two way,No junction,Asphalt roads,Darkness - lights lit,Normal,Vehicle with vehicle collision,Turnover,Not a Pedestrian,Getting off the vehicle improperly,2
6082,31-50,Male,Junior high school,Employee,Above 10yr,Undivided Two way,No junction,Asphalt roads,Darkness - lights lit,Normal,Vehicle with vehicle collision,Going straight,Not a Pedestrian,No priority to pedestrian,1
6083,31-50,Male,Junior high school,Employee,5-10yr,Undivided Two way,No junction,Asphalt roads,Daylight,Normal,Collision with roadside objects,Going straight,Not a Pedestrian,Changing lane to the left,1
6084,18-30,Male,Junior high school,Employee,1-2yr,Undivided Two way,No junction,Asphalt roads,Daylight,Normal,Vehicle with vehicle collision,Reversing,Not a Pedestrian,No distancing,1
6085,Unknown,Male,Unknown,Employee,Below 1yr,Undivided Two way,No junction,Asphalt roads,Daylight,Normal,Vehicle with vehicle collision,Other,Not a Pedestrian,Driving carelessly,2