,Age Band of Driver,Sex of Driver,Educational Level,Vehicle Driver Relation,Driver Experience,Lanes or Medians,Type of Junction,Road Surface Type,Light Conditions,Weather Conditions,Type of Collision,Vehicle Movement,Pedestrain Movement,Cause of Accident,Accident Severity
7221,18-30,Male,Elementary school,Employee,5-10yr,Undivided Two way,Y Shape,Asphalt roads,Darkness - lights lit,Snow,Vehicle with vehicle collision,Moving Backward,Not a Pedestrian,Other,1
7222,Unknown,Male,Elementary school,Employee,5-10yr,Two-way (divided with broken lines road marking),No junction,Asphalt roads,Daylight,Normal,Collision with roadside objects,Moving Backward,Not a Pedestrian,Driving to the left,2
7223,18-30,Male,Elementary school,Employee,1-2yr,Undivided Two way,No junction,Asphalt roads,Daylight,Normal,Vehicle with vehicle collision,Moving Backward,Not a Pedestrian,Overtaking,2
7224,18-30,Male,Elementary school,Employee,Unknown,Undivided Two way,No junction,Asphalt roads,Daylight,Normal,Vehicle with vehicle collision,Going straight,Not a Pedestrian,No priority to vehicle,2
7225,18-30,Male,Junior high school,Employee,1-2yr,Undivided Two way,No junction,Asphalt roads,Daylight,Normal,Vehicle with vehicle collision,Going straight,Not a Pedestrian,Moving Backward,2
7226,Under 18,Male,Unknown,Employee,5-10yr,Undivided Two way,No junction,Asphalt roads,Daylight,Other,Vehicle with vehicle collision,Going straight,Not a Pedestrian,Other,2
7227,31-50,Male,Elementary school,Owner,1-2yr,Undivided Two way,Y Shape,Asphalt roads,Daylight,Raining,Vehicle with vehicle collision,Going straight,Not a Pedestrian,No priority to vehicle,2
7228,Under 18,Male,Junior high school,Employee,5-10yr,Two-way (divided with broken lines road marking),Y Shape,Asphalt roads,Daylight,Raining,Vehicle with vehicle collision,Other,Not a Pedestrian,No priority to pedestrian,2
7229,Under 18,Male,Junior high school,Employee,2-5yr,Two-way (divided with broken lines road marking),Y Shape,Other,Daylight,Raining,Collision with pedestrians,Going straight,Not a Pedestrian,Changing lane to the right,2
7230,Under 18,Male,Junior high school,Employee,2-5yr,Two-way (divided with broken lines road marking),Y Shape,Asphalt roads,Daylight,Raining,Vehicle with vehicle collision,Going straight,Not a Pedestrian,Changing lane to the right,2
7231,31-50,Male,Junior high school,Employee,5-10yr,Undivided Two way,Y Shape,Asphalt roads,Daylight,Raining,Collision with roadside objects,Going straight,Not a Pedestrian,Changing lane to the right,2
7232,Unknown,Male,Junior high school,Owner,Below 1yr,Two-way (divided with broken lines road marking),No junction,Asphalt roads,Daylight,Cloudy,Vehicle with vehicle collision,Reversing,Not a Pedestrian,Driving to the left,2
7233,18-30,Male,High school,Employee,Below 1yr,Two-way (divided with broken lines road marking),No junction,Asphalt roads,Daylight,Cloudy,Vehicle with vehicle collision,Moving Backward,Not a Pedestrian,Changing lane to the left,2
7234,31-50,Male,Junior high school,Employee,Unknown,Undivided Two way,No junction,Asphalt roads,Darkness - lights lit,Other,Vehicle with vehicle collision,Going straight,Not a Pedestrian,Moving Backward,2
7235,31-50,Male,Junior high school,Employee,Below 1yr,other,No junction,Asphalt roads,Darkness - lights lit,Other,Vehicle with vehicle collision,Going straight,Not a Pedestrian,Driving at high speed,2
7236,31-50,Male,Junior high school,Employee,2-5yr,other,No junction,Asphalt roads,Darkness - lights lit,Other,Vehicle with vehicle collision,Reversing,Not a Pedestrian,Moving Backward,2
7237,18-30,Male,Junior high school,Employee,2-5yr,Two-way (divided with broken lines road marking),Crossing,Asphalt roads,Darkness - lights lit,Raining,Vehicle with vehicle collision,Going straight,Not a Pedestrian,No distancing,2
7238,Over 51,Male,Junior high school,Employee,5-10yr,Two-way (divided with broken lines road marking),Crossing,Asphalt roads,Darkness - lights lit,Raining,Vehicle with vehicle collision,Reversing,Not a Pedestrian,Other,2
7239,Under 18,Male,Elementary school,Employee,5-10yr,other,Y Shape,Other,Darkness - lights lit,Normal,Vehicle with vehicle collision,Other,Not a Pedestrian,No priority to vehicle,2
7240,Under 18,Male,Unknown,Owner,5-10yr,Undivided Two way,Y Shape,Asphalt roads,Darkness - lights lit,Normal,Vehicle with vehicle collision,Unknown,Not a Pedestrian,Changing lane to the right,2
7241,18-30,Male,Junior high school,Employee,5-10yr,other,Y Shape,Asphalt roads,Darkness - lights lit,Normal,Collision with roadside objects,Going straight,Not a Pedestrian,Other,2
7242,Unknown,Female,Junior high school,Owner,5-10yr,Two-way (divided with broken lines road marking),Crossing,Unknown,Daylight,Normal,Vehicle with vehicle collision,Going straight,Crossing from nearside - masked by parked or statioNot a Pedestrianry vehicle,No distancing,2
7243,18-30,Male,Illiterate,Employee,2-5yr,Two-way (divided with broken lines road marking),Crossing,Asphalt roads,Daylight,Normal,Collision with roadside objects,Going straight,Not a Pedestrian,Driving carelessly,2
7244,18-30,Male,Junior high school,Employee,5-10yr,Two-way (divided with broken lines road marking),No junction,Asphalt roads,Darkness - lights lit,Raining,Vehicle with vehicle collision,Going straight,Not a Pedestrian,No distancing,2
7245,18-30,Male,Junior high school,Employee,Below 1yr,Two-way (divided with broken lines road marking),No junction,Asphalt roads,Darkness - lights lit,Raining,Vehicle with vehicle collision,Going straight,Not a Pedestrian,Moving Backward,2
7246,18-30,Male,Junior high school,Employee,1-2yr,Two-way (divided with broken lines road marking),No junction,Earth roads,Darkness - lights lit,Raining,Unknown,Going straight,Not a Pedestrian,No distancing,2
7247,Unknown,Male,Elementary school,Employee,2-5yr,Undivided Two way,Crossing,Asphalt roads,Daylight,Normal,Collision with pedestrians,Going straight,Not a Pedestrian,Moving Backward,2
7248,31-50,Male,Elementary school,Employee,2-5yr,Undivided Two way,Crossing,Asphalt roads,Daylight,Normal,Vehicle with vehicle collision,Going straight,Not a Pedestrian,No priority to pedestrian,2
7249,18-30,Male,Elementary school,Employee,5-10yr,Double carriageway (median),No junction,Asphalt roads,Daylight,Normal,Vehicle with vehicle collision,Going straight,Not a Pedestrian,Changing lane to the left,2
7250,18-30,Male,Junior high school,Employee,5-10yr,Two-way (divided with broken lines road marking),Y Shape,Asphalt roads,Daylight,Normal,Vehicle with vehicle collision,Going straight,Not a Pedestrian,No distancing,2
7251,Under 18,Male,Unknown,Unknown,Unknown,Unknown,Y Shape,Asphalt roads,Daylight,Normal,Collision with pedestrians,Going straight,Not a Pedestrian,Other,2
7252,18-30,Male,Junior high school,Employee,Above 10yr,Undivided Two way,Crossing,Asphalt roads,Darkness - lights lit,Unknown,Collision with roadside objects,Going straight,Unknown or other,No distancing,2
7253,Under 18,Male,Junior high school,Employee,Above 10yr,Two-way (divided with broken lines road marking),Crossing,Asphalt roads,Darkness - lights lit,Unknown,Unknown,Going straight,Not a Pedestrian,No priority to pedestrian,2
7254,18-30,Male,Junior high school,Owner,Above 10yr,Undivided Two way,No junction,Asphalt roads,Daylight,Normal,Vehicle with vehicle collision,Going straight,Not a Pedestrian,Moving Backward,2
7255,31-50,Male,Junior high school,Employee,unknown,other,No junction,Asphalt roads,Daylight,Normal,Unknown,Going straight,Unknown or other,No priority to pedestrian,2
7256,Under 18,Male,Junior high school,Employee,5-10yr,Two-way (divided with broken lines road marking),No junction,Asphalt roads,Darkness - lights lit,Cloudy,Unknown,Moving Backward,Not a Pedestrian,No distancing,2
7257,18-30,Male,Junior high school,Employee,2-5yr,Double carriageway (median),No junction,Asphalt roads,Darkness - lights lit,Cloudy,Unknown,Going straight,Not a Pedestrian,No priority to pedestrian,2
7258,18-30,Male,Elementary school,Employee,5-10yr,Double carriageway (median),No junction,Asphalt roads,Darkness - lights lit,Cloudy,Vehicle with vehicle collision,Going straight,Not a Pedestrian,Driving carelessly,2
7259,Over 51,Male,Junior high school,Employee,2-5yr,Two-way (divided with broken lines road marking),No junction,Asphalt roads,Darkness - lights lit,Other,Vehicle with vehicle collision,Going straight,Not a Pedestrian,Getting off the vehicle improperly,2
7260,Under 18,Male,High school,Owner,5-10yr,Two-way (divided with broken lines road marking),No junction,Asphalt roads,Darkness - lights lit,Other,Collision with roadside objects,Unknown,Not a Pedestrian,Driving carelessly,2
7261,31-50,Male,Junior high school,Employee,Above 10yr,Two-way (divided with broken lines road marking),No junction,Asphalt roads,Darkness - lights lit,Other,Collision with roadside objects,Turnover,Not a Pedestrian,Changing lane to the left,2
7262,Unknown,Male,Junior high school,Employee,2-5yr,Two-way (divided with broken lines road marking),No junction,Asphalt roads,Darkness - lights lit,Normal,Vehicle with vehicle collision,Going straight,Not a Pedestrian,No priority to vehicle,2
7263,18-30,Male,Elementary school,Employee,2-5yr,Unknown,No junction,Asphalt roads,Darkness - lights lit,Normal,Vehicle with vehicle collision,Going straight,Not a Pedestrian,Changing lane to the right,2
7264,Unknown,Male,High school,Owner,Above 10yr,Undivided Two way,No junction,Earth roads,Daylight,Raining,Vehicle with vehicle collision,Going straight,Not a Pedestrian,Changing lane to the right,2
7265,18-30,Male,Elementary school,Employee,1-2yr,other,No junction,Asphalt roads,Daylight,Raining,Vehicle with vehicle collision,Going straight,Not a Pedestrian,No distancing,2
7266,Over 51,Male,Junior high school,Employee,Above 10yr,other,No junction,Asphalt roads,Daylight,Raining,Vehicle with vehicle collision,Going straight,Not a Pedestrian,No distancing,2
7267,Over 51,Male,Unknown,Unknown,Unknown,other,No junction,Asphalt roads,Daylight,Raining,Rollover,Going straight,Not a Pedestrian,Changing lane to the left,2
7268,Unknown,Male,Junior high school,Owner,5-10yr,Unknown,No junction,Asphalt roads,Daylight,Raining,Vehicle with vehicle collision,Going straight,Not a Pedestrian,Changing lane to the right,2
7269,Under 18,Male,Above high school,Employee,5-10yr,Undivided Two way,Y Shape,Asphalt roads,Daylight,Normal,Collision with roadside objects,Going straight,Not a Pedestrian,No priority to vehicle,2
7270,31-50,Male,Junior high school,Employee,5-10yr,other,Y Shape,Asphalt roads,Daylight,Normal,Collision with pedestrians,Going straight,Not a Pedestrian,Changing lane to the left,2
7271,18-30,Male,Junior high school,Employee,Above 10yr,other,Y Shape,Asphalt roads,Darkness - lights lit,Unknown,Vehicle with vehicle collision,Turnover,Not a Pedestrian,No priority to vehicle,2
7272,Unknown,Male,Junior high school,Employee,1-2yr,Undivided Two way,Y Shape,Asphalt roads,Darkness - lights lit,Unknown,Vehicle with vehicle collision,Unknown,Not a Pedestrian,Moving Backward,2
7273,18-30,Male,Junior high school,Employee,2-5yr,other,No junction,Asphalt roads,Daylight,Other,Vehicle with vehicle collision,Reversing,Not a Pedestrian,Turnover,2
7274,31-50,Male,Junior high school,Employee,Below 1yr,Undivided Two way,No junction,Asphalt roads,Daylight,Normal,Vehicle with vehicle collision,Other,Not a Pedestrian,No distancing,1
7275,18-30,Male,Junior high school,Employee,Above 10yr,Double carriageway (median),No junction,Earth roads,Darkness - lights lit,Normal,Vehicle with vehicle collision,Going straight,Not a Pedestrian,No distancing,2
7276,31-50,Male,Junior high school,Employee,1-2yr,other,No junction,Asphalt roads,Darkness - lights lit,Normal,Vehicle with vehicle collision,Going straight,Not a Pedestrian,No distancing,2
7277,31-50,Male,Above high school,Employee,5-10yr,Undivided Two way,Other,Asphalt roads,Daylight,Normal,Vehicle with vehicle collision,Turnover,Not a Pedestrian,Changing lane to the left,2
7278,Unknown,Male,Junior high school,Employee,5-10yr,One way,Other,Asphalt roads,Daylight,Normal,Collision with roadside objects,Other,Not a Pedestrian,No priority to vehicle,2
7279,Over 51,Male,Elementary school,Owner,Below 1yr,Undivided Two way,No junction,Asphalt roads,Daylight,Normal,Rollover,Going straight,Not a Pedestrian,Driving at high speed,1
7280,31-50,Male,Unknown,Unknown,Unknown,other,No junction,Asphalt roads,Daylight,Normal,Vehicle with vehicle collision,Going straight,Crossing from nearside - masked by parked or statioNot a Pedestrianry vehicle,Overtaking,1
7281,18-30,Male,Junior high school,Employee,Above 10yr,other,No junction,Asphalt roads,Darkness - lights lit,Normal,Collision with pedestrians,Other,Not a Pedestrian,Other,2
7282,Under 18,Male,Junior high school,Unknown,Unknown,One way,No junction,Asphalt roads,Daylight,Other,Vehicle with vehicle collision,Going straight,Not a Pedestrian,Changing lane to the left,1
7283,Under 18,Male,Junior high school,Employee,1-2yr,One way,No junction,Asphalt roads,Daylight,Other,Vehicle with vehicle collision,Turnover,Not a Pedestrian,No priority to pedestrian,1
7284,18-30,Male,Junior high school,Owner,2-5yr,Undivided Two way,Crossing,Gravel roads,Daylight,Raining,Collision with pedestrians,Going straight,Not a Pedestrian,Changing lane to the left,1
7285,Over 51,Male,Unknown,Employee,unknown,other,Crossing,Asphalt roads,Daylight,Raining,Collision with pedestrians,Turnover,Not a Pedestrian,No distancing,1
7286,Over 51,Male,Junior high school,Employee,Above 10yr,Undivided Two way,Crossing,Asphalt roads,Daylight,Raining,Vehicle with vehicle collision,Going straight,Not a Pedestrian,Moving Backward,1
7287,Over 51,Male,Junior high school,Owner,2-5yr,other,Crossing,Asphalt roads,Daylight,Raining,Vehicle with vehicle collision,Moving Backward,Crossing from nearside - masked by parked or statioNot a Pedestrianry vehicle,Changing lane to the left,1
7288,18-30,Male,Junior high school,Employee,5-10yr,other,Crossing,Asphalt roads,Darkness - no lighting,Normal,Vehicle with vehicle collision,Unknown,Not a Pedestrian,Other,1
7289,18-30,Male,Junior high school,Employee,2-5yr,Double carriageway (median),Crossing,Asphalt roads,Darkness - no lighting,Normal,Vehicle with vehicle collision,Going straight,Not a Pedestrian,No distancing,1
7290,Unknown,Male,Junior high school,Employee,1-2yr,Undivided Two way,O Shape,Asphalt roads,Daylight,Unknown,Vehicle with vehicle collision,Going straight,Not a Pedestrian,Moving Backward,2
7291,18-30,Male,Junior high school,Employee,5-10yr,other,No junction,Asphalt roads,Daylight,Normal,Collision with roadside objects,Reversing,Not a Pedestrian,No distancing,1
7292,31-50,Male,Junior high school,Employee,2-5yr,other,No junction,Asphalt roads,Daylight,Normal,Vehicle with vehicle collision,Reversing,Not a Pedestrian,Changing lane to the left,1
7293,31-50,Male,Elementary school,Employee,5-10yr,Two-way (divided with solid lines road marking),No junction,Asphalt roads,Daylight,Normal,Vehicle with vehicle collision,Reversing,Not a Pedestrian,Changing lane to the left,1
7294,18-30,Male,Above high school,Owner,5-10yr,Undivided Two way,Y Shape,Asphalt roads,Darkness - no lighting,Normal,Vehicle with vehicle collision,Going straight,Not a Pedestrian,No priority to pedestrian,0
7295,18-30,Male,Junior high school,Employee,2-5yr,Undivided Two way,Y Shape,Asphalt roads,Darkness - no lighting,Normal,Vehicle with vehicle collision,Going straight,Not a Pedestrian,Changing lane to the left,0
7296,18-30,Male,Junior high school,Employee,2-5yr,other,Y Shape,Asphalt roads,Darkness - no lighting,Normal,Vehicle with vehicle collision,Going straight,Not a Pedestrian,Driving carelessly,0
7297,18-30,Male,Junior high school,Employee,2-5yr,Undivided Two way,Y Shape,Asphalt roads,Darkness - no lighting,Normal,Vehicle with vehicle collision,Going straight,Not a Pedestrian,Driving carelessly,0
7298,18-30,Male,Junior high school,Employee,5-10yr,Undivided Two way,No junction,Asphalt roads,Darkness - lights lit,Normal,Vehicle with vehicle collision,Moving Backward,Unknown or other,No priority to pedestrian,2
7299,18-30,Male,Junior high school,Employee,1-2yr,Double carriageway (median),No junction,Asphalt roads,Darkness - lights lit,Normal,Vehicle with vehicle collision,Going straight,Not a Pedestrian,Getting off the vehicle improperly,2
7300,Unknown,Male,Junior high school,Owner,2-5yr,Undivided Two way,No junction,Asphalt roads,Daylight,Unknown,Vehicle with vehicle collision,Moving Backward,Not a Pedestrian,No distancing,2
7301,31-50,Male,High school,Owner,2-5yr,other,No junction,Asphalt roads,Daylight,Unknown,Vehicle with vehicle collision,Moving Backward,Not a Pedestrian,Changing lane to the left,2
7302,18-30,Male,Unknown,Employee,Unknown,other,No junction,Asphalt roads,Darkness - lights lit,Normal,Vehicle with vehicle collision,Going straight,Not a Pedestrian,No priority to vehicle,1
7303,18-30,Male,Junior high school,Owner,1-2yr,other,Y Shape,Asphalt roads,Daylight,Raining,Vehicle with vehicle collision,Other,Not a Pedestrian,No distancing,2
7304,Unknown,Male,Junior high school,Unknown,Below 1yr,other,Crossing,Asphalt roads,Daylight,Normal,Vehicle with vehicle collision,Going straight,Not a Pedestrian,No priority to pedestrian,2
7305,18-30,Male,High school,Employee,1-2yr,Undivided Two way,Crossing,Earth roads,Daylight,Normal,Vehicle with vehicle collision,Other,Not a Pedestrian,No priority to pedestrian,2
7306,31-50,Male,Above high school,Employee,1-2yr,Two-way (divided with broken lines road marking),Y Shape,Asphalt roads,Daylight,Normal,Vehicle with vehicle collision,Going straight,Not a Pedestrian,No priority to vehicle,2
7307,Unknown,Female,Junior high school,Employee,Above 10yr,Two-way (divided with broken lines road marking),Other,Asphalt roads,Daylight,Normal,Collision with roadside objects,Reversing,Not a Pedestrian,Driving carelessly,2
7308,31-50,Male,High school,Employee,1-2yr,Undivided Two way,Other,Asphalt roads,Daylight,Normal,Vehicle with vehicle collision,Unknown,Not a Pedestrian,Changing lane to the right,2
7309,31-50,Male,Junior high school,Employee,2-5yr,Undivided Two way,Other,Asphalt roads,Daylight,Normal,Vehicle with vehicle collision,Going straight,Not a Pedestrian,Changing lane to the left,2
7310,31-50,Male,Above high school,Other,2-5yr,Two-way (divided with broken lines road marking),Other,Asphalt roads,Daylight,Normal,Vehicle with vehicle collision,Going straight,Not a Pedestrian,Moving Backward,2
7311,31-50,Male,High school,Employee,Above 10yr,Two-way (divided with broken lines road marking),Other,Asphalt roads,Daylight,Normal,Vehicle with vehicle collision,Going straight,Not a Pedestrian,Driving carelessly,2
7312,Unknown,Male,Elementary school,Employee,5-10yr,Undivided Two way,No junction,Asphalt roads,Daylight,Normal,Collision with pedestrians,Going straight,Not a Pedestrian,Driving to the left,2
7313,31-50,Male,High school,Employee,1-2yr,Two-way (divided with broken lines road marking),No junction,Gravel roads,Daylight,Normal,Vehicle with vehicle collision,Going straight,Not a Pedestrian,Driving to the left,2
7314,Unknown,Male,High school,Employee,5-10yr,Undivided Two way,Y Shape,Asphalt roads,Daylight,Normal,Vehicle with vehicle collision,Going straight,Not a Pedestrian,No priority to pedestrian,2
7315,31-50,Male,High school,Employee,2-5yr,Double carriageway (median),Y Shape,Asphalt roads,Daylight,Normal,Vehicle with vehicle collision,Other,Not a Pedestrian,Changing lane to the left,2
7316,31-50,Male,Junior high school,Employee,1-2yr,Two-way (divided with broken lines road marking),Y Shape,Asphalt roads,Daylight,Normal,Vehicle with vehicle collision,Going straight,Not a Pedestrian,Changing lane to the right,2
7317,31-50,Male,Above high school,Employee,Above 10yr,Two-way (divided with broken lines road marking),Crossing,Other,Darkness - lights lit,Normal,Vehicle with vehicle collision,Going straight,Not a Pedestrian,Driving carelessly,2
7318,18-30,Male,Above high school,Employee,2-5yr,Undivided Two way,Crossing,Asphalt roads,Darkness - lights lit,Normal,Vehicle with vehicle collision,Going straight,Not a Pedestrian,No distancing,2
7319,18-30,Male,Elementary school,Employee,5-10yr,Two-way (divided with broken lines road marking),Y Shape,Asphalt roads,Darkness - lights lit,Normal,Vehicle with vehicle collision,Going straight,Not a Pedestrian,Getting off the vehicle improperly,2
7320,Unknown,Male,Elementary school,Employee,1-2yr,Double carriageway (median),Y Shape,Asphalt roads,Darkness - lights lit,Normal,Vehicle with vehicle collision,Reversing,Not a Pedestrian,Driving under the influence of drugs,2
7321,Under 18,Male,Junior high school,Employee,Unknown,Two-way (divided with broken lines road marking),Y Shape,Asphalt roads,Darkness - lights lit,Normal,Collision with pedestrians,Going straight,Not a Pedestrian,Changing lane to the right,2
7322,Unknown,Male,Unknown,Unknown,Unknown,Two-way (divided with broken lines road marking),Y Shape,Asphalt roads,Darkness - lights lit,Normal,Vehicle with vehicle collision,Going straight,Not a Pedestrian,Driving carelessly,2
7323,Unknown,Female,Elementary school,Employee,5-10yr,Unknown,Y Shape,Asphalt roads,Darkness - lights lit,Normal,Vehicle with vehicle collision,Other,Not a Pedestrian,Moving Backward,2
7324,Under 18,Male,Junior high school,Employee,2-5yr,Double carriageway (median),Y Shape,Asphalt roads,Darkness - lights lit,Normal,Vehicle with vehicle collision,Going straight,Not a Pedestrian,Turnover,2
7325,31-50,Male,Junior high school,Employee,5-10yr,Two-way (divided with broken lines road marking),Y Shape,Asphalt roads,Daylight,Raining,Vehicle with vehicle collision,Going straight,Not a Pedestrian,Changing lane to the right,2
7326,31-50,Male,High school,Employee,2-5yr,Two-way (divided with broken lines road marking),Y Shape,Asphalt roads,Daylight,Raining,Collision with roadside objects,Going straight,Not a Pedestrian,Driving carelessly,2
7327,31-50,Male,Junior high school,Employee,1-2yr,One way,Y Shape,Asphalt roads,Daylight,Normal,Vehicle with vehicle collision,Turnover,Not a Pedestrian,No priority to vehicle,1
7328,18-30,Male,Junior high school,Employee,1-2yr,Undivided Two way,No junction,Asphalt roads,Daylight,Normal,Vehicle with vehicle collision,Going straight,Not a Pedestrian,Moving Backward,2
7329,18-30,Male,Junior high school,Employee,5-10yr,Undivided Two way,No junction,Asphalt roads,Daylight,Normal,Vehicle with vehicle collision,Going straight,Not a Pedestrian,Changing lane to the left,2
7330,Under 18,Male,Illiterate,Employee,unknown,other,Y Shape,Asphalt roads,Daylight,Raining,Vehicle with vehicle collision,Reversing,Not a Pedestrian,Overturning,2
7331,Under 18,Male,Junior high school,Employee,5-10yr,Two-way (divided with broken lines road marking),Y Shape,Asphalt roads,Daylight,Raining,Vehicle with vehicle collision,Other,Not a Pedestrian,No distancing,2
7332,31-50,Male,Junior high school,Employee,1-2yr,Undivided Two way,Y Shape,Gravel roads,Daylight,Raining,Vehicle with vehicle collision,Going straight,Not a Pedestrian,Driving carelessly,2
7333,Unknown,Female,Junior high school,Employee,2-5yr,Two-way (divided with broken lines road marking),No junction,Asphalt roads,Daylight,Normal,Vehicle with vehicle collision,Going straight,Not a Pedestrian,No distancing,2
7334,Unknown,Male,Junior high school,Employee,Above 10yr,Double carriageway (median),Y Shape,Asphalt roads,Daylight,Normal,Collision with roadside objects,Moving Backward,Not a Pedestrian,Changing lane to the left,2
7335,Over 51,Male,Junior high school,Owner,5-10yr,Undivided Two way,Y Shape,Asphalt roads,Daylight,Normal,Vehicle with vehicle collision,Reversing,Not a Pedestrian,No priority to pedestrian,2
7336,Unknown,Male,High school,Employee,1-2yr,Undivided Two way,Other,Other,Daylight,Normal,Vehicle with vehicle collision,Going straight,Not a Pedestrian,No distancing,2
7337,Over 51,Male,Junior high school,Employee,Above 10yr,Two-way (divided with broken lines road marking),Other,Asphalt roads,Daylight,Normal,Vehicle with vehicle collision,Going straight,Not a Pedestrian,No distancing,2
7338,31-50,Male,Junior high school,Employee,1-2yr,Double carriageway (median),Other,Other,Darkness - lights lit,Normal,Vehicle with vehicle collision,Moving Backward,Not a Pedestrian,Changing lane to the left,2
7339,Over 51,Male,Junior high school,Employee,2-5yr,Undivided Two way,No junction,Asphalt roads,Daylight,Normal,Rollover,Going straight,Not a Pedestrian,No distancing,2
7340,Over 51,Male,Junior high school,Employee,Above 10yr,other,No junction,Asphalt roads,Daylight,Normal,Vehicle with vehicle collision,Going straight,Not a Pedestrian,Changing lane to the left,2
7341,Over 51,Male,Junior high school,Employee,2-5yr,Two-way (divided with broken lines road marking),No junction,Asphalt roads,Daylight,Normal,Vehicle with vehicle collision,Going straight,Not a Pedestrian,No distancing,2
7342,31-50,Male,Elementary school,Employee,5-10yr,Undivided Two way,No junction,Asphalt roads,Daylight,Normal,Collision with roadside objects,Going straight,Not a Pedestrian,No distancing,2
7343,18-30,Male,Unknown,Unknown,Unknown,Undivided Two way,Other,Asphalt roads,Daylight,Normal,Vehicle with vehicle collision,Going straight,Not a Pedestrian,No distancing,2
7344,31-50,Male,Elementary school,Employee,1-2yr,Double carriageway (median),Other,Asphalt roads,Daylight,Normal,Vehicle with vehicle collision,Going straight,Not a Pedestrian,Changing lane to the left,2
7345,18-30,Male,Elementary school,Employee,5-10yr,Undivided Two way,No junction,Asphalt roads,Darkness - lights lit,Other,Vehicle with vehicle collision,Unknown,Not a Pedestrian,Changing lane to the right,2
7346,18-30,Male,Elementary school,Employee,5-10yr,Undivided Two way,No junction,Asphalt roads,Darkness - lights lit,Other,Collision with roadside objects,Going straight,Not a Pedestrian,Moving Backward,2
7347,Unknown,Male,Junior high school,Employee,1-2yr,other,No junction,Asphalt roads,Daylight,Other,Collision with roadside objects,Reversing,Not a Pedestrian,Changing lane to the right,2
7348,18-30,Male,Junior high school,Employee,5-10yr,Two-way (divided with broken lines road marking),No junction,Asphalt roads,Daylight,Normal,Vehicle with vehicle collision,Going straight,Not a Pedestrian,No distancing,2
7349,18-30,Male,Junior high school,Employee,5-10yr,Two-way (divided with broken lines road marking),No junction,Asphalt roads,Daylight,Normal,Vehicle with vehicle collision,Going straight,Not a Pedestrian,Overtaking,2
7350,31-50,Male,Junior high school,Employee,2-5yr,Undivided Two way,No junction,Asphalt roads,Daylight,Normal,Collision with roadside objects,Going straight,Unknown or other,Other,2
7351,Unknown,Male,Junior high school,Employee,1-2yr,Double carriageway (median),Y Shape,Asphalt roads,Darkness - lights lit,Normal,Collision with roadside objects,Going straight,Not a Pedestrian,Other,0
7352,Unknown,Female,Junior high school,Employee,5-10yr,Double carriageway (median),Crossing,Asphalt roads,Darkness - lights lit,Normal,Vehicle with vehicle collision,Going straight,Not a Pedestrian,Changing lane to the right,2
7353,31-50,Male,Junior high school,Employee,Below 1yr,Two-way (divided with broken lines road marking),Crossing,Asphalt roads,Darkness - lights lit,Normal,Vehicle with vehicle collision,Going straight,Not a Pedestrian,No priority to pedestrian,2
7354,Unknown,Male,Junior high school,Employee,5-10yr,Two-way (divided with broken lines road marking),Crossing,Asphalt roads,Daylight,Normal,Vehicle with vehicle collision,Other,Not a Pedestrian,No priority to vehicle,2
7355,18-30,Male,Junior high school,Owner,5-10yr,Two-way (divided with broken lines road marking),No junction,Asphalt roads,Darkness - no lighting,Normal,Collision with roadside objects,Moving Backward,Not a Pedestrian,Changing lane to the left,2
7356,18-30,Male,Unknown,Owner,5-10yr,Two-way (divided with broken lines road marking),No junction,Asphalt roads,Darkness - no lighting,Normal,Vehicle with vehicle collision,Other,Not a Pedestrian,Changing lane to the left,2
7357,18-30,Male,Junior high school,Employee,5-10yr,Double carriageway (median),No junction,Asphalt roads,Darkness - no lighting,Normal,Vehicle with vehicle collision,Going straight,Not a Pedestrian,Overtaking,2
7358,Under 18,Male,High school,Employee,2-5yr,Double carriageway (median),Other,Asphalt roads,Daylight,Normal,Vehicle with vehicle collision,Going straight,Not a Pedestrian,No distancing,2
7359,Under 18,Male,Above high school,Employee,5-10yr,Two-way (divided with broken lines road marking),Other,Asphalt roads,Daylight,Normal,Rollover,Going straight,Not a Pedestrian,No priority to vehicle,2
7360,18-30,Male,Junior high school,Employee,Above 10yr,Two-way (divided with broken lines road marking),No junction,Earth roads,Daylight,Normal,Vehicle with vehicle collision,Other,Not a Pedestrian,Changing lane to the right,2
7361,18-30,Male,Junior high school,Employee,Below 1yr,Two-way (divided with broken lines road marking),No junction,Asphalt roads,Daylight,Normal,Vehicle with vehicle collision,Going straight,Not a Pedestrian,Changing lane to the left,2
7362,Unknown,Male,Elementary school,Employee,5-10yr,other,Crossing,Asphalt roads,Darkness - lights lit,Normal,Collision with pedestrians,Unknown,Not a Pedestrian,No distancing,2
7363,18-30,Male,Elementary school,Employee,2-5yr,Two-way (divided with broken lines road marking),Crossing,Asphalt roads,Darkness - lights lit,Normal,Vehicle with vehicle collision,Going straight,Not a Pedestrian,Driving carelessly,2