,Age Band of Driver,Sex of Driver,Educational Level,Vehicle Driver Relation,Driver Experience,Lanes or Medians,Type of Junction,Road Surface Type,Light Conditions,Weather Conditions,Type of Collision,Vehicle Movement,Pedestrain Movement,Cause of Accident,Accident Severity
7506,31-50,Male,High school,Owner,2-5yr,Undivided Two way,Y Shape,Asphalt roads,Daylight,Normal,Collision with roadside objects,Going straight,Not a Pedestrian,Driving carelessly,1
7507,18-30,Male,Junior high school,Employee,5-10yr,Two-way (divided with broken lines road marking),O Shape,Asphalt roads,Daylight,Normal,Collision with roadside objects,Going straight,Not a Pedestrian,Driving to the left,2
7508,31-50,Male,Elementary school,Employee,2-5yr,Double carriageway (median),O Shape,Asphalt roads,Daylight,Normal,Vehicle with vehicle collision,Going straight,Not a Pedestrian,Overtaking,2
7509,Unknown,Male,Elementary school,Employee,5-10yr,Undivided Two way,Y Shape,Asphalt roads,Daylight,Normal,Vehicle with vehicle collision,Going straight,Not a Pedestrian,No distancing,2
7510,Unknown,Male,Junior high school,Employee,1-2yr,Undivided Two way,No junction,Asphalt roads,Daylight,Normal,Vehicle with vehicle collision,Going straight,Not a Pedestrian,Driving carelessly,1
7511,Unknown,Male,Junior high school,Employee,5-10yr,Two-way (divided with broken lines road marking),No junction,Asphalt roads,Daylight,Normal,Vehicle with vehicle collision,Going straight,Not a Pedestrian,No priority to vehicle,2
7512,31-50,Male,Unknown,Unknown,Unknown,Double carriageway (median),No junction,Asphalt roads,Daylight,Normal,Vehicle with vehicle collision,Going straight,Not a Pedestrian,No priority to vehicle,2
7513,Unknown,Male,Elementary school,Employee,Above 10yr,Undivided Two way,Y Shape,Asphalt roads,Daylight,Normal,Vehicle with vehicle collision,Other,Not a Pedestrian,No priority to vehicle,2
7514,Unknown,Male,Elementary school,Employee,Below 1yr,other,Y Shape,Asphalt roads,Daylight,Normal,Vehicle with vehicle collision,Going straight,Not a Pedestrian,No priority to vehicle,2
7515,Unknown,Male,Junior high school,Employee,2-5yr,Two-way (divided with broken lines road marking),Y Shape,Asphalt roads,Daylight,Normal,Vehicle with vehicle collision,Reversing,Unknown or other,No distancing,2
7516,Over 51,Male,Elementary school,Owner,1-2yr,Undivided Two way,Y Shape,Asphalt roads,Daylight,Normal,Vehicle with vehicle collision,Going straight,Crossing from nearside - masked by parked or statioNot a Pedestrianry vehicle,Moving Backward,2
7517,31-50,Male,Junior high school,Owner,5-10yr,Undivided Two way,Y Shape,Asphalt roads,Daylight,Normal,Vehicle with vehicle collision,Reversing,Not a Pedestrian,No distancing,2
7518,18-30,Male,Junior high school,Employee,2-5yr,Double carriageway (median),Y Shape,Asphalt roads,Daylight,Normal,Vehicle with vehicle collision,Going straight,Not a Pedestrian,Changing lane to the left,2
7519,31-50,Male,Junior high school,Employee,2-5yr,Undivided Two way,Y Shape,Asphalt roads,Daylight,Normal,Vehicle with vehicle collision,Reversing,Not a Pedestrian,Changing lane to the left,2
7520,Over 51,Male,High school,Employee,2-5yr,Undivided Two way,Y Shape,Asphalt roads,Daylight,Normal,Vehicle with vehicle collision,Unknown,Not a Pedestrian,No priority to pedestrian,2
7521,Unknown,Male,Junior high school,Employee,Above 10yr,other,No junction,Asphalt roads,Daylight,Normal,Vehicle with vehicle collision,Going straight,Not a Pedestrian,Moving Backward,2
7522,18-30,Male,Junior high school,Employee,2-5yr,Two-way (divided with broken lines road marking),No junction,Asphalt roads,Daylight,Normal,Vehicle with vehicle collision,Reversing,Not a Pedestrian,Changing lane to the left,2
7523,18-30,Male,Junior high school,Employee,1-2yr,Two-way (divided with broken lines road marking),Y Shape,Asphalt roads,Darkness - lights lit,Raining,Vehicle with vehicle collision,Other,Not a Pedestrian,No distancing,2
7524,18-30,Male,Junior high school,Employee,2-5yr,Undivided Two way,Y Shape,Asphalt roads,Darkness - lights lit,Raining,Vehicle with vehicle collision,Going straight,Not a Pedestrian,No priority to vehicle,2
7525,Over 51,Male,Junior high school,Employee,5-10yr,Double carriageway (median),No junction,Asphalt roads,Daylight,Normal,Vehicle with vehicle collision,Going straight,Not a Pedestrian,Changing lane to the right,2
7526,18-30,Male,Junior high school,Employee,1-2yr,Double carriageway (median),No junction,Asphalt roads,Daylight,Unknown,Collision with roadside objects,Going straight,Not a Pedestrian,No distancing,2
7527,Unknown,Male,Elementary school,Employee,1-2yr,Two-way (divided with broken lines road marking),No junction,Asphalt roads,Daylight,Unknown,Vehicle with vehicle collision,Moving Backward,Not a Pedestrian,No distancing,2
7528,Unknown,Male,Junior high school,Employee,2-5yr,Two-way (divided with broken lines road marking),No junction,Asphalt roads,Daylight,Unknown,Collision with pedestrians,Going straight,Not a Pedestrian,Getting off the vehicle improperly,2
7529,18-30,Male,Junior high school,Employee,Above 10yr,Two-way (divided with broken lines road marking),Crossing,Asphalt roads,Daylight,Normal,Vehicle with vehicle collision,Going straight,Not a Pedestrian,No priority to pedestrian,2
7530,Over 51,Male,Junior high school,Employee,Below 1yr,Two-way (divided with broken lines road marking),Y Shape,Asphalt roads,Daylight,Normal,Collision with roadside objects,Going straight,Not a Pedestrian,Changing lane to the left,2
7531,18-30,Male,Junior high school,Employee,Above 10yr,Double carriageway (median),Y Shape,Asphalt roads,Daylight,Normal,Vehicle with vehicle collision,Going straight,Not a Pedestrian,No distancing,2
7532,Over 51,Male,Elementary school,Owner,5-10yr,Double carriageway (median),Y Shape,Asphalt roads,Daylight,Normal,Vehicle with vehicle collision,Other,Not a Pedestrian,Driving carelessly,2
7533,31-50,Male,Elementary school,Employee,Above 10yr,Two-way (divided with broken lines road marking),Y Shape,Asphalt roads,Daylight,Normal,Vehicle with vehicle collision,Unknown,Not a Pedestrian,No distancing,2
7534,18-30,Male,Junior high school,Employee,1-2yr,Two-way (divided with broken lines road marking),Y Shape,Asphalt roads,Daylight,Normal,Vehicle with vehicle collision,Going straight,Not a Pedestrian,Changing lane to the right,2
7535,18-30,Male,Unknown,Unknown,Unknown,Two-way (divided with broken lines road marking),Y Shape,Asphalt roads,Daylight,Normal,Vehicle with vehicle collision,Turnover,Not a Pedestrian,Overtaking,2
7536,31-50,Male,High school,Owner,5-10yr,other,Y Shape,Asphalt roads,Daylight,Normal,Rollover,Going straight,Not a Pedestrian,Driving carelessly,2
7537,31-50,Male,Elementary school,Employee,2-5yr,Two-way (divided with broken lines road marking),Y Shape,Asphalt roads,Daylight,Normal,Collision with roadside objects,Moving Backward,Not a Pedestrian,Moving Backward,2
7538,Over 51,Male,Unknown,Unknown,Unknown,Two-way (divided with broken lines road marking),X Shape,Asphalt roads,Daylight,Normal,Vehicle with vehicle collision,Moving Backward,Unknown or other,No distancing,2
7539,31-50,Male,Unknown,Unknown,Unknown,Two-way (divided with broken lines road marking),X Shape,Asphalt roads,Daylight,Normal,Vehicle with vehicle collision,Going straight,Not a Pedestrian,Overtaking,2
7540,18-30,Male,High school,Owner,1-2yr,Two-way (divided with broken lines road marking),Crossing,Asphalt roads,Daylight,Normal,Collision with roadside objects,Other,Not a Pedestrian,Driving carelessly,2
7541,Under 18,Male,Junior high school,Employee,1-2yr,Unknown,Crossing,Asphalt roads,Daylight,Normal,Vehicle with vehicle collision,Going straight,Not a Pedestrian,Driving carelessly,2
7542,18-30,Male,Junior high school,Employee,1-2yr,Two-way (divided with broken lines road marking),Y Shape,Asphalt roads,Daylight,Normal,Vehicle with vehicle collision,Going straight,Not a Pedestrian,Moving Backward,2
7543,31-50,Male,Junior high school,Employee,Above 10yr,Undivided Two way,Y Shape,Asphalt roads,Daylight,Normal,Vehicle with vehicle collision,Going straight,Not a Pedestrian,Driving carelessly,2
7544,Over 51,Male,Junior high school,Employee,1-2yr,Unknown,Crossing,Asphalt roads,Daylight,Normal,Vehicle with vehicle collision,Going straight,Not a Pedestrian,Driving to the left,2
7545,Over 51,Male,High school,Owner,Above 10yr,Undivided Two way,No junction,Asphalt roads,Daylight,Normal,Vehicle with vehicle collision,Going straight,Not a Pedestrian,Changing lane to the left,2
7546,18-30,Male,Junior high school,Employee,Above 10yr,other,No junction,Asphalt roads,Daylight,Normal,Vehicle with vehicle collision,Going straight,Not a Pedestrian,No distancing,2
7547,Unknown,Female,Junior high school,Employee,1-2yr,other,No junction,Unknown,Daylight,Normal,Collision with pedestrians,Going straight,Not a Pedestrian,No distancing,2
7548,18-30,Male,Junior high school,Employee,1-2yr,other,No junction,Asphalt roads,Daylight,Normal,Vehicle with vehicle collision,Going straight,Not a Pedestrian,Changing lane to the right,2
7549,18-30,Male,High school,Employee,2-5yr,Unknown,No junction,Asphalt roads,Daylight,Normal,Collision with roadside objects,Other,Not a Pedestrian,Driving under the influence of drugs,2
7550,31-50,Male,Junior high school,Employee,2-5yr,Undivided Two way,No junction,Asphalt roads,Daylight,Normal,Vehicle with vehicle collision,Going straight,Not a Pedestrian,Changing lane to the right,2
7551,18-30,Male,Junior high school,Employee,1-2yr,other,No junction,Asphalt roads,Darkness - lights lit,Normal,Vehicle with vehicle collision,Overtaking,Crossing from offside - masked by  parked or statioNot a Pedestrianry vehicle,Changing lane to the left,0
7552,Unknown,Male,Elementary school,Employee,5-10yr,other,No junction,Asphalt roads,Darkness - lights lit,Normal,Vehicle with vehicle collision,Going straight,Crossing from nearside - masked by parked or statioNot a Pedestrianry vehicle,Moving Backward,2
7553,Unknown,Male,Junior high school,Employee,5-10yr,Undivided Two way,No junction,Asphalt roads,Darkness - lights lit,Normal,Vehicle with vehicle collision,Going straight,Not a Pedestrian,No distancing,2
7554,31-50,Male,Junior high school,Employee,1-2yr,other,No junction,Asphalt roads,Darkness - lights lit,Normal,Vehicle with vehicle collision,Going straight,Not a Pedestrian,Changing lane to the right,2
7555,18-30,Male,Elementary school,Other,5-10yr,Undivided Two way,Crossing,Asphalt roads,Darkness - lights lit,Normal,Vehicle with vehicle collision,U-Turn,Not a Pedestrian,Moving Backward,2
7556,31-50,Male,Junior high school,Employee,2-5yr,Double carriageway (median),Crossing,Asphalt roads,Darkness - lights lit,Normal,Vehicle with vehicle collision,Going straight,Not a Pedestrian,No distancing,2
7557,31-50,Male,Elementary school,Employee,5-10yr,other,Crossing,Asphalt roads,Darkness - lights lit,Normal,Vehicle with vehicle collision,Going straight,Not a Pedestrian,Driving to the left,2
7558,31-50,Male,Junior high school,Employee,Above 10yr,Undivided Two way,Crossing,Asphalt roads,Darkness - lights lit,Normal,Vehicle with vehicle collision,Going straight,Not a Pedestrian,Driving to the left,2
7559,31-50,Male,Junior high school,Employee,Above 10yr,One way,Crossing,Asphalt roads,Darkness - lights lit,Normal,Collision with roadside objects,Going straight,Not a Pedestrian,Moving Backward,2
7560,31-50,Male,Elementary school,Owner,2-5yr,Undivided Two way,Crossing,Asphalt roads,Daylight,Normal,Vehicle with vehicle collision,Turnover,Not a Pedestrian,Moving Backward,2
7561,18-30,Male,Elementary school,Employee,5-10yr,other,No junction,Asphalt roads,Daylight,Normal,Collision with roadside objects,Going straight,Not a Pedestrian,Overtaking,2
7562,18-30,Male,Junior high school,Owner,1-2yr,other,No junction,Asphalt roads,Daylight,Normal,Vehicle with vehicle collision,Going straight,Not a Pedestrian,Driving carelessly,2
7563,Over 51,Male,Elementary school,Employee,Above 10yr,One way,Y Shape,Asphalt roads,Daylight,Normal,Vehicle with vehicle collision,Moving Backward,Not a Pedestrian,Changing lane to the left,2
7564,Unknown,Male,Junior high school,Employee,5-10yr,One way,Y Shape,Asphalt roads,Darkness - lights lit,Normal,Unknown,Going straight,Not a Pedestrian,Driving under the influence of drugs,2
7565,18-30,Male,Junior high school,Employee,2-5yr,Undivided Two way,Y Shape,Asphalt roads,Darkness - lights lit,Normal,Collision with pedestrians,Moving Backward,Crossing from nearside - masked by parked or statioNot a Pedestrianry vehicle,No distancing,2
7566,Over 51,Male,Elementary school,Employee,Above 10yr,other,Y Shape,Asphalt roads,Daylight,Normal,Vehicle with vehicle collision,Going straight,"Walking along in carriageway, back to traffic",Moving Backward,2
7567,Over 51,Male,Junior high school,Employee,2-5yr,Undivided Two way,Y Shape,Asphalt roads,Daylight,Normal,Vehicle with vehicle collision,Going straight,Not a Pedestrian,Changing lane to the left,2
7568,31-50,Male,Elementary school,Employee,Above 10yr,other,Other,Asphalt roads,Daylight,Unknown,Vehicle with vehicle collision,Going straight,Not a Pedestrian,Changing lane to the right,2
7569,Unknown,Male,Junior high school,Employee,Above 10yr,other,Crossing,Asphalt roads,Daylight,Normal,Collision with pedestrians,Going straight,Not a Pedestrian,No distancing,2
7570,18-30,Male,Junior high school,Employee,2-5yr,Double carriageway (median),Crossing,Asphalt roads,Daylight,Normal,Collision with roadside objects,U-Turn,Not a Pedestrian,Driving at high speed,2
7571,18-30,Male,Junior high school,Employee,Above 10yr,Undivided Two way,Crossing,Asphalt roads,Daylight,Normal,Unknown,Going straight,Not a Pedestrian,Changing lane to the right,2
7572,Over 51,Male,Junior high school,Employee,Above 10yr,other,No junction,Asphalt roads,Daylight,Raining,Vehicle with vehicle collision,Going straight,Crossing from driver's nearside,No priority to vehicle,2
7573,18-30,Male,Junior high school,Employee,Below 1yr,other,No junction,Asphalt roads,Daylight,Raining,Unknown,Going straight,Not a Pedestrian,No distancing,2
7574,31-50,Male,Junior high school,Owner,Above 10yr,Two-way (divided with solid lines road marking),No junction,Asphalt roads,Daylight,Normal,Unknown,Going straight,Not a Pedestrian,Turnover,2
7575,Over 51,Male,High school,Other,Above 10yr,Undivided Two way,Y Shape,Asphalt roads,Daylight,Normal,Unknown,Going straight,Not a Pedestrian,No distancing,1
7576,Under 18,Male,Junior high school,Employee,5-10yr,Undivided Two way,Y Shape,Gravel roads,Daylight,Normal,Vehicle with vehicle collision,Going straight,Not a Pedestrian,Changing lane to the right,1
7577,18-30,Male,Elementary school,Unknown,Unknown,other,Y Shape,Asphalt roads,Daylight,Normal,Vehicle with vehicle collision,Stopping,Crossing from offside - masked by  parked or statioNot a Pedestrianry vehicle,No distancing,2
7578,18-30,Male,Junior high school,Employee,5-10yr,Undivided Two way,Y Shape,Asphalt roads,Daylight,Normal,Collision with roadside objects,Turnover,Not a Pedestrian,Changing lane to the left,2
7579,Over 51,Male,Junior high school,Employee,5-10yr,Undivided Two way,Y Shape,Asphalt roads,Daylight,Normal,Collision with roadside objects,Getting off,Not a Pedestrian,Driving carelessly,2
7580,Unknown,Female,Junior high school,Owner,Below 1yr,Double carriageway (median),Y Shape,Asphalt roads,Daylight,Normal,Vehicle with vehicle collision,Moving Backward,Not a Pedestrian,Changing lane to the right,2
7581,Under 18,Male,Junior high school,Employee,5-10yr,Undivided Two way,No junction,Asphalt roads,Daylight,Normal,Vehicle with vehicle collision,Moving Backward,Not a Pedestrian,No priority to vehicle,1
7582,Under 18,Male,Elementary school,Employee,2-5yr,other,No junction,Asphalt roads,Daylight,Normal,Vehicle with vehicle collision,Going straight,Crossing from driver's nearside,No distancing,1
7583,18-30,Male,Junior high school,Owner,2-5yr,other,No junction,Asphalt roads,Daylight,Normal,Vehicle with vehicle collision,Turnover,Crossing from driver's nearside,No priority to pedestrian,1
7584,31-50,Male,Elementary school,Employee,2-5yr,other,No junction,Asphalt roads,Daylight,Normal,Vehicle with vehicle collision,Going straight,Not a Pedestrian,No priority to pedestrian,1
7585,Over 51,Male,Junior high school,Owner,2-5yr,other,Y Shape,Asphalt roads,Daylight,Normal,Rollover,Going straight,Not a Pedestrian,No priority to vehicle,2
7586,31-50,Male,Junior high school,Employee,Above 10yr,Undivided Two way,Y Shape,Asphalt roads with some distress,Daylight,Normal,Vehicle with vehicle collision,U-Turn,Crossing from nearside - masked by parked or statioNot a Pedestrianry vehicle,Changing lane to the left,2
7587,Unknown,Male,Junior high school,Employee,2-5yr,Two-way (divided with broken lines road marking),Y Shape,Asphalt roads,Daylight,Normal,Collision with roadside objects,Going straight,Not a Pedestrian,Changing lane to the left,2
7588,Under 18,Unknown,Junior high school,Employee,1-2yr,Two-way (divided with broken lines road marking),No junction,Asphalt roads,Daylight,Normal,Collision with pedestrians,Going straight,Not a Pedestrian,No distancing,2
7589,18-30,Male,Junior high school,Employee,2-5yr,Undivided Two way,No junction,Asphalt roads,Daylight,Normal,Vehicle with vehicle collision,U-Turn,Not a Pedestrian,No priority to vehicle,2
7590,18-30,Male,Junior high school,Employee,1-2yr,Undivided Two way,No junction,Asphalt roads,Daylight,Normal,Vehicle with vehicle collision,Stopping,Not a Pedestrian,No distancing,2
7591,Unknown,Male,Junior high school,Employee,5-10yr,Two-way (divided with broken lines road marking),No junction,Asphalt roads,Daylight,Normal,Vehicle with vehicle collision,Going straight,Unknown or other,No distancing,1
7592,Unknown,Male,Junior high school,Employee,5-10yr,Two-way (divided with broken lines road marking),No junction,Asphalt roads,Daylight,Normal,Vehicle with vehicle collision,Moving Backward,Not a Pedestrian,Changing lane to the right,1
7593,31-50,Male,Elementary school,Owner,2-5yr,Undivided Two way,No junction,Asphalt roads,Daylight,Normal,Vehicle with vehicle collision,Getting off,Not a Pedestrian,Changing lane to the left,1
7594,31-50,Male,Elementary school,Employee,Below 1yr,Two-way (divided with broken lines road marking),No junction,Asphalt roads,Daylight,Normal,Vehicle with vehicle collision,Going straight,Not a Pedestrian,No distancing,2
7595,18-30,Male,Unknown,Unknown,Unknown,Undivided Two way,Crossing,Asphalt roads,Daylight,Normal,Vehicle with vehicle collision,Going straight,Not a Pedestrian,Overturning,2
7596,31-50,Male,Junior high school,Employee,Above 10yr,Double carriageway (median),Crossing,Asphalt roads,Daylight,Normal,Collision with roadside objects,Turnover,Not a Pedestrian,No priority to vehicle,2
7597,Unknown,Male,High school,Employee,1-2yr,Two-way (divided with broken lines road marking),Other,Asphalt roads,Daylight,Normal,Rollover,Moving Backward,Not a Pedestrian,Moving Backward,2
7598,31-50,Male,Junior high school,Owner,5-10yr,Two-way (divided with broken lines road marking),Other,Asphalt roads,Daylight,Normal,Vehicle with vehicle collision,Going straight,Not a Pedestrian,Driving under the influence of drugs,2
7599,31-50,Male,Junior high school,Employee,1-2yr,Undivided Two way,Y Shape,Asphalt roads,Daylight,Normal,Collision with pedestrians,Moving Backward,Not a Pedestrian,Moving Backward,2
7600,18-30,Male,Junior high school,Employee,Above 10yr,Two-way (divided with broken lines road marking),Y Shape,Asphalt roads,Daylight,Normal,Vehicle with vehicle collision,Going straight,Not a Pedestrian,Changing lane to the right,2
7601,18-30,Male,Junior high school,Employee,Below 1yr,Double carriageway (median),Y Shape,Asphalt roads,Daylight,Normal,Vehicle with vehicle collision,Unknown,Not a Pedestrian,Overspeed,2
7602,18-30,Male,Elementary school,Employee,2-5yr,Two-way (divided with broken lines road marking),Crossing,Asphalt roads,Daylight,Raining,Collision with pedestrians,Going straight,Crossing from nearside - masked by parked or statioNot a Pedestrianry vehicle,Driving under the influence of drugs,1
7603,Under 18,Male,Junior high school,Employee,5-10yr,Two-way (divided with broken lines road marking),Crossing,Asphalt roads,Daylight,Raining,Collision with pedestrians,Unknown,Not a Pedestrian,Driving carelessly,1
7604,Over 51,Male,Elementary school,Employee,5-10yr,Unknown,No junction,Asphalt roads,Daylight,Normal,Vehicle with vehicle collision,Going straight,Not a Pedestrian,No distancing,2
7605,31-50,Male,Junior high school,Owner,1-2yr,Double carriageway (median),No junction,Asphalt roads,Daylight,Normal,Vehicle with vehicle collision,Unknown,Unknown or other,No priority to vehicle,2
7606,18-30,Male,Junior high school,Employee,5-10yr,Two-way (divided with broken lines road marking),No junction,Asphalt roads,Daylight,Normal,Vehicle with vehicle collision,Going straight,Not a Pedestrian,Overspeed,2
7607,18-30,Male,Unknown,Other,Unknown,Two-way (divided with broken lines road marking),No junction,Asphalt roads,Daylight,Normal,Vehicle with vehicle collision,Going straight,Not a Pedestrian,Driving under the influence of drugs,2
7608,18-30,Male,High school,Employee,2-5yr,One way,No junction,Asphalt roads,Daylight,Normal,Vehicle with vehicle collision,Going straight,Not a Pedestrian,Changing lane to the right,2
7609,Over 51,Male,Junior high school,Employee,1-2yr,Undivided Two way,No junction,Asphalt roads,Daylight,Normal,Collision with roadside objects,Going straight,Not a Pedestrian,Changing lane to the right,2
7610,18-30,Male,Junior high school,Employee,5-10yr,Undivided Two way,Other,Asphalt roads,Daylight,Normal,Vehicle with vehicle collision,Going straight,Not a Pedestrian,Changing lane to the right,2
7611,Over 51,Male,Junior high school,Employee,2-5yr,other,Other,Asphalt roads,Daylight,Normal,Vehicle with vehicle collision,Other,Not a Pedestrian,Changing lane to the right,2
7612,31-50,Male,Junior high school,Employee,No Licence,Two-way (divided with broken lines road marking),No junction,Asphalt roads,Daylight,Normal,Vehicle with vehicle collision,Other,Crossing from offside - masked by  parked or statioNot a Pedestrianry vehicle,Moving Backward,2
7613,18-30,Male,Junior high school,Employee,Above 10yr,Undivided Two way,No junction,Asphalt roads,Daylight,Normal,Vehicle with vehicle collision,Going straight,Crossing from nearside - masked by parked or statioNot a Pedestrianry vehicle,No distancing,2
7614,31-50,Male,Junior high school,Employee,Above 10yr,Two-way (divided with broken lines road marking),Y Shape,Asphalt roads,Daylight,Normal,Vehicle with vehicle collision,Going straight,Not a Pedestrian,Overspeed,1
7615,31-50,Male,Junior high school,Employee,5-10yr,Double carriageway (median),Y Shape,Asphalt roads,Daylight,Normal,Vehicle with vehicle collision,Getting off,Not a Pedestrian,No distancing,1
7616,Over 51,Male,High school,Employee,2-5yr,Undivided Two way,Y Shape,Asphalt roads,Daylight,Normal,Vehicle with vehicle collision,Going straight,Not a Pedestrian,Driving carelessly,1
7617,31-50,Male,High school,Owner,2-5yr,Undivided Two way,Y Shape,Asphalt roads,Daylight,Normal,Vehicle with vehicle collision,Going straight,Not a Pedestrian,No distancing,2
7618,18-30,Male,Junior high school,Employee,Below 1yr,Two-way (divided with broken lines road marking),Y Shape,Asphalt roads,Daylight,Normal,Vehicle with vehicle collision,Going straight,Not a Pedestrian,No distancing,2
7619,18-30,Male,Junior high school,Owner,Above 10yr,Double carriageway (median),No junction,Asphalt roads,Darkness - lights lit,Normal,Vehicle with vehicle collision,Going straight,Not a Pedestrian,No distancing,2
7620,31-50,Male,Junior high school,Employee,Above 10yr,Undivided Two way,No junction,Asphalt roads,Darkness - lights lit,Normal,Vehicle with vehicle collision,Going straight,Not a Pedestrian,Changing lane to the right,2
7621,18-30,Male,Elementary school,Employee,2-5yr,other,Y Shape,Asphalt roads,Darkness - lights lit,Normal,Vehicle with vehicle collision,Getting off,Not a Pedestrian,No distancing,2
7622,18-30,Male,Junior high school,Employee,2-5yr,Two-way (divided with broken lines road marking),Y Shape,Asphalt roads,Darkness - lights lit,Normal,Vehicle with vehicle collision,Going straight,Crossing from nearside - masked by parked or statioNot a Pedestrianry vehicle,No priority to vehicle,2
7623,31-50,Male,Unknown,Employee,Above 10yr,Undivided Two way,Y Shape,Asphalt roads,Daylight,Normal,Vehicle with vehicle collision,Going straight,Not a Pedestrian,Changing lane to the left,2
7624,Over 51,Male,Elementary school,Employee,5-10yr,Undivided Two way,Y Shape,Asphalt roads,Daylight,Normal,Vehicle with vehicle collision,Other,Not a Pedestrian,Moving Backward,2
7625,18-30,Male,Junior high school,Employee,Below 1yr,Double carriageway (median),Y Shape,Asphalt roads,Daylight,Normal,Collision with roadside objects,Going straight,Not a Pedestrian,Driving carelessly,2
7626,18-30,Male,Elementary school,Employee,Below 1yr,Undivided Two way,Y Shape,Asphalt roads,Daylight,Normal,Vehicle with vehicle collision,Going straight,Not a Pedestrian,Changing lane to the left,2
7627,31-50,Male,Junior high school,Employee,Below 1yr,Undivided Two way,Y Shape,Asphalt roads,Daylight,Normal,Vehicle with vehicle collision,Going straight,Crossing from nearside - masked by parked or statioNot a Pedestrianry vehicle,No priority to pedestrian,2
7628,18-30,Male,Junior high school,Employee,5-10yr,other,Y Shape,Asphalt roads,Daylight,Normal,Vehicle with vehicle collision,Going straight,Not a Pedestrian,No distancing,2
7629,31-50,Male,Junior high school,Owner,5-10yr,Two-way (divided with broken lines road marking),Y Shape,Asphalt roads,Daylight,Normal,Vehicle with vehicle collision,Going straight,Not a Pedestrian,No distancing,2
7630,31-50,Male,High school,Owner,5-10yr,Two-way (divided with broken lines road marking),Y Shape,Asphalt roads,Daylight,Normal,Collision with pedestrians,Reversing,Not a Pedestrian,Overturning,2
7631,18-30,Male,Junior high school,Employee,5-10yr,Undivided Two way,Other,Asphalt roads,Daylight,Raining,Vehicle with vehicle collision,Other,Not a Pedestrian,No distancing,2
7632,31-50,Male,Junior high school,Employee,2-5yr,Double carriageway (median),Other,Asphalt roads,Daylight,Raining,Vehicle with vehicle collision,Going straight,Unknown or other,Drunk driving,2
7633,18-30,Male,Elementary school,Employee,5-10yr,Double carriageway (median),No junction,Asphalt roads,Daylight,Normal,Vehicle with vehicle collision,Going straight,Not a Pedestrian,Moving Backward,2
7634,31-50,Male,Junior high school,Employee,2-5yr,Two-way (divided with broken lines road marking),No junction,Asphalt roads,Daylight,Normal,Vehicle with vehicle collision,Going straight,Not a Pedestrian,No priority to pedestrian,2
7635,Over 51,Male,Junior high school,Employee,Below 1yr,Two-way (divided with broken lines road marking),Y Shape,Asphalt roads,Daylight,Normal,Vehicle with vehicle collision,Going straight,Not a Pedestrian,Changing lane to the left,2
7636,Over 51,Male,Elementary school,Employee,2-5yr,Two-way (divided with broken lines road marking),Y Shape,Asphalt roads,Daylight,Normal,Vehicle with vehicle collision,Going straight,Not a Pedestrian,Changing lane to the left,2
7637,Unknown,Female,Junior high school,Employee,2-5yr,Two-way (divided with broken lines road marking),No junction,Asphalt roads,Daylight,Normal,Vehicle with vehicle collision,Going straight,Not a Pedestrian,Getting off the vehicle improperly,2
7638,31-50,Male,Junior high school,Employee,2-5yr,Double carriageway (median),No junction,Asphalt roads,Daylight,Normal,Vehicle with vehicle collision,Going straight,Unknown or other,No distancing,2
7639,Under 18,Male,Junior high school,Employee,5-10yr,Double carriageway (median),No junction,Asphalt roads,Daylight,Normal,Collision with pedestrians,Going straight,Crossing from nearside - masked by parked or statioNot a Pedestrianry vehicle,Changing lane to the right,2
7640,18-30,Male,Junior high school,Employee,5-10yr,Two-way (divided with broken lines road marking),No junction,Asphalt roads,Daylight,Normal,Vehicle with vehicle collision,Going straight,Not a Pedestrian,Changing lane to the right,2
7641,31-50,Male,Junior high school,Employee,Unknown,Two-way (divided with broken lines road marking),No junction,Asphalt roads,Daylight,Unknown,Vehicle with vehicle collision,Moving Backward,Not a Pedestrian,Moving Backward,2
7642,31-50,Male,Junior high school,Owner,5-10yr,Two-way (divided with broken lines road marking),Y Shape,Asphalt roads,Daylight,Normal,Vehicle with vehicle collision,Moving Backward,Not a Pedestrian,Driving at high speed,1
7643,18-30,Male,Junior high school,Employee,2-5yr,other,Y Shape,Asphalt roads,Daylight,Normal,Vehicle with vehicle collision,Turnover,Not a Pedestrian,Changing lane to the left,1
7644,Unknown,Male,Junior high school,Employee,Below 1yr,Two-way (divided with broken lines road marking),Other,Asphalt roads,Daylight,Normal,Collision with roadside objects,Other,Not a Pedestrian,Changing lane to the right,2
7645,Over 51,Male,Junior high school,Employee,1-2yr,Two-way (divided with broken lines road marking),Other,Asphalt roads,Daylight,Normal,Vehicle with vehicle collision,Other,Not a Pedestrian,No distancing,2
7646,18-30,Male,Junior high school,Employee,Below 1yr,Two-way (divided with broken lines road marking),Crossing,Asphalt roads,Daylight,Normal,Vehicle with vehicle collision,Going straight,"Walking along in carriageway, facing traffic",Changing lane to the right,2