,Age Band of Driver,Sex of Driver,Educational Level,Vehicle Driver Relation,Driver Experience,Lanes or Medians,Type of Junction,Road Surface Type,Light Conditions,Weather Conditions,Type of Collision,Vehicle Movement,Pedestrain Movement,Cause of Accident,Accident Severity
7792,18-30,Male,Junior high school,Employee,5-10yr,Undivided Two way,No junction,Asphalt roads,Daylight,Normal,Vehicle with vehicle collision,Going straight,Not a Pedestrian,Driving under the influence of drugs,2
7793,Under 18,Male,Elementary school,Employee,5-10yr,Double carriageway (median),Crossing,Asphalt roads,Darkness - lights lit,Normal,Vehicle with vehicle collision,Going straight,Not a Pedestrian,Changing lane to the right,1
7794,Under 18,Male,High school,Owner,Below 1yr,Two-way (divided with broken lines road marking),Crossing,Asphalt roads,Darkness - lights lit,Normal,Vehicle with vehicle collision,Going straight,Not a Pedestrian,No distancing,1
7795,Under 18,Male,Junior high school,Employee,Above 10yr,Undivided Two way,Crossing,Asphalt roads,Darkness - lights lit,Normal,Collision with pedestrians,Going straight,Not a Pedestrian,No distancing,1
7796,31-50,Male,Junior high school,Employee,5-10yr,Unknown,Crossing,Asphalt roads,Darkness - lights lit,Normal,Vehicle with vehicle collision,Moving Backward,Not a Pedestrian,Changing lane to the left,1
7797,31-50,Male,Junior high school,Employee,Below 1yr,Double carriageway (median),No junction,Asphalt roads,Darkness - lights lit,Normal,Vehicle with vehicle collision,Going straight,Not a Pedestrian,Changing lane to the right,2
7798,Unknown,Male,Junior high school,Employee,Above 10yr,Two-way (divided with broken lines road marking),Y Shape,Asphalt roads,Daylight,Other,Vehicle with vehicle collision,Other,Not a Pedestrian,Changing lane to the right,2
7799,18-30,Male,Junior high school,Employee,5-10yr,Unknown,Y Shape,Asphalt roads,Daylight,Other,Vehicle with vehicle collision,Going straight,Not a Pedestrian,Driving under the influence of drugs,2
7800,18-30,Unknown,Junior high school,Owner,Above 10yr,Unknown,Y Shape,Asphalt roads,Daylight,Other,Vehicle with vehicle collision,Going straight,Not a Pedestrian,Moving Backward,2
7801,31-50,Male,Junior high school,Employee,5-10yr,Two-way (divided with broken lines road marking),No junction,Asphalt roads,Daylight,Raining,Vehicle with vehicle collision,Going straight,Not a Pedestrian,Changing lane to the left,1
7802,31-50,Male,Junior high school,Employee,1-2yr,Two-way (divided with broken lines road marking),Crossing,Asphalt roads,Daylight,Normal,Vehicle with vehicle collision,Going straight,Not a Pedestrian,No priority to pedestrian,2
7803,Unknown,Female,Junior high school,Employee,1-2yr,Undivided Two way,Crossing,Asphalt roads,Daylight,Normal,Vehicle with vehicle collision,Unknown,Not a Pedestrian,No distancing,2
7804,18-30,Male,Junior high school,Employee,1-2yr,Two-way (divided with broken lines road marking),No junction,Asphalt roads,Daylight,Normal,Collision with pedestrians,Moving Backward,Not a Pedestrian,No distancing,2
7805,18-30,Male,High school,Employee,2-5yr,Two-way (divided with broken lines road marking),Crossing,Asphalt roads,Daylight,Normal,Vehicle with vehicle collision,Unknown,Not a Pedestrian,Changing lane to the left,1
7806,31-50,Male,High school,Owner,Above 10yr,Two-way (divided with broken lines road marking),Crossing,Asphalt roads,Daylight,Normal,Vehicle with vehicle collision,Going straight,Not a Pedestrian,Changing lane to the right,1
7807,18-30,Male,Elementary school,Employee,2-5yr,Undivided Two way,No junction,Asphalt roads,Daylight,Other,Vehicle with vehicle collision,Going straight,Not a Pedestrian,Driving carelessly,2
7808,18-30,Male,Junior high school,Employee,Above 10yr,Undivided Two way,No junction,Asphalt roads,Daylight,Other,Vehicle with vehicle collision,Unknown,Not a Pedestrian,No distancing,2
7809,18-30,Male,High school,Employee,2-5yr,Double carriageway (median),No junction,Asphalt roads,Daylight,Other,Collision with roadside objects,Going straight,Not a Pedestrian,Changing lane to the left,2
7810,31-50,Male,Junior high school,Other,No Licence,Double carriageway (median),No junction,Asphalt roads,Daylight,Normal,Vehicle with vehicle collision,Going straight,Not a Pedestrian,Moving Backward,2
7811,31-50,Male,Junior high school,Employee,1-2yr,Two-way (divided with broken lines road marking),No junction,Asphalt roads,Darkness - lights lit,Unknown,Vehicle with vehicle collision,Going straight,Not a Pedestrian,No distancing,2
7812,31-50,Male,Junior high school,Owner,5-10yr,Double carriageway (median),No junction,Asphalt roads,Darkness - lights lit,Unknown,Vehicle with vehicle collision,Going straight,Crossing from offside - masked by  parked or statioNot a Pedestrianry vehicle,No priority to pedestrian,2
7813,Unknown,Male,Junior high school,Employee,1-2yr,Two-way (divided with broken lines road marking),No junction,Asphalt roads,Darkness - lights lit,Unknown,Vehicle with vehicle collision,Going straight,Not a Pedestrian,Changing lane to the left,2
7814,31-50,Male,Junior high school,Employee,Above 10yr,Unknown,Y Shape,Asphalt roads,Daylight,Normal,Vehicle with vehicle collision,Going straight,Not a Pedestrian,No distancing,2
7815,Unknown,Female,Junior high school,Employee,1-2yr,Unknown,Y Shape,Asphalt roads,Daylight,Normal,Vehicle with vehicle collision,Going straight,Not a Pedestrian,Driving carelessly,2
7816,18-30,Male,Junior high school,Employee,1-2yr,One way,Y Shape,Asphalt roads,Daylight,Normal,Vehicle with vehicle collision,Other,Not a Pedestrian,No priority to vehicle,2
7817,31-50,Male,Junior high school,Employee,2-5yr,Unknown,Y Shape,Asphalt roads,Daylight,Normal,Collision with roadside objects,Going straight,Not a Pedestrian,Changing lane to the right,2
7818,31-50,Male,High school,Employee,1-2yr,Undivided Two way,No junction,Asphalt roads,Darkness - lights lit,Normal,Vehicle with vehicle collision,Going straight,Not a Pedestrian,Moving Backward,2
7819,18-30,Male,Junior high school,Employee,1-2yr,other,No junction,Asphalt roads,Darkness - lights lit,Normal,Vehicle with vehicle collision,Going straight,Not a Pedestrian,No priority to vehicle,2
7820,Unknown,Male,Elementary school,Employee,Above 10yr,other,No junction,Asphalt roads,Darkness - lights lit,Normal,Vehicle with vehicle collision,Going straight,Not a Pedestrian,No priority to pedestrian,2
7821,Unknown,Male,Junior high school,Employee,Above 10yr,other,No junction,Asphalt roads,Daylight,Normal,Vehicle with vehicle collision,Going straight,Not a Pedestrian,Changing lane to the left,2
7822,18-30,Male,Elementary school,Employee,Above 10yr,Unknown,Crossing,Asphalt roads,Daylight,Normal,Rollover,Going straight,Not a Pedestrian,Changing lane to the left,2
7823,Under 18,Male,Junior high school,Employee,Above 10yr,Undivided Two way,Crossing,Asphalt roads,Daylight,Normal,Vehicle with vehicle collision,Moving Backward,Not a Pedestrian,Driving under the influence of drugs,2
7824,Unknown,Female,Junior high school,Employee,1-2yr,other,Y Shape,Asphalt roads,Daylight,Normal,Vehicle with vehicle collision,Going straight,Not a Pedestrian,Moving Backward,2
7825,31-50,Male,Junior high school,Employee,5-10yr,other,Y Shape,Asphalt roads,Daylight,Normal,Collision with roadside objects,Going straight,Not a Pedestrian,Changing lane to the right,2
7826,31-50,Male,High school,Owner,2-5yr,Undivided Two way,Crossing,Asphalt roads,Daylight,Normal,Vehicle with vehicle collision,Going straight,Not a Pedestrian,Changing lane to the right,2
7827,Over 51,Male,Junior high school,Employee,2-5yr,other,Crossing,Asphalt roads,Daylight,Normal,Vehicle with vehicle collision,Going straight,Not a Pedestrian,No distancing,2
7828,18-30,Male,Junior high school,Employee,5-10yr,Undivided Two way,Crossing,Asphalt roads,Daylight,Normal,Vehicle with vehicle collision,Going straight,Not a Pedestrian,Moving Backward,2
7829,Unknown,Male,Junior high school,Employee,5-10yr,Double carriageway (median),Y Shape,Asphalt roads,Darkness - lights lit,Normal,Collision with roadside objects,Going straight,Crossing from nearside - masked by parked or statioNot a Pedestrianry vehicle,No distancing,2
7830,Unknown,Male,Junior high school,Employee,2-5yr,other,O Shape,Asphalt roads,Darkness - lights lit,Normal,Collision with roadside objects,Going straight,"In carriageway, statioNot a Pedestrianry - not crossing  (standing or playing)",Driving carelessly,2
7831,18-30,Male,High school,Employee,Above 10yr,Undivided Two way,No junction,Asphalt roads,Darkness - lights lit,Normal,Vehicle with vehicle collision,Going straight,Crossing from offside - masked by  parked or statioNot a Pedestrianry vehicle,No priority to pedestrian,2
7832,31-50,Male,Elementary school,Employee,5-10yr,One way,No junction,Asphalt roads,Darkness - lights lit,Normal,Vehicle with vehicle collision,Going straight,Not a Pedestrian,No priority to vehicle,2
7833,18-30,Male,Junior high school,Employee,Above 10yr,Undivided Two way,Other,Asphalt roads,Daylight,Raining and Windy,Collision with roadside objects,Going straight,Not a Pedestrian,Moving Backward,2
7834,Over 51,Male,Writing & reading,Employee,2-5yr,other,Other,Asphalt roads,Daylight,Raining and Windy,Collision with roadside objects,Going straight,Not a Pedestrian,Changing lane to the right,2
7835,31-50,Male,Junior high school,Employee,2-5yr,other,Crossing,Asphalt roads,Daylight,Raining,Vehicle with vehicle collision,Going straight,Not a Pedestrian,No distancing,1
7836,31-50,Male,High school,Employee,2-5yr,One way,Crossing,Asphalt roads,Daylight,Raining,Vehicle with vehicle collision,Other,Not a Pedestrian,Driving carelessly,1
7837,Unknown,Female,Junior high school,Employee,1-2yr,One way,Y Shape,Asphalt roads,Darkness - lights lit,Raining,Vehicle with vehicle collision,Going straight,Not a Pedestrian,Changing lane to the left,1
7838,Unknown,Male,High school,Employee,5-10yr,Undivided Two way,Crossing,Asphalt roads,Daylight,Normal,Collision with roadside objects,Going straight,Not a Pedestrian,Moving Backward,2
7839,31-50,Male,Elementary school,Employee,2-5yr,other,Crossing,Asphalt roads,Daylight,Normal,Vehicle with vehicle collision,Going straight,Not a Pedestrian,No distancing,2
7840,Unknown,Male,Junior high school,Employee,1-2yr,Undivided Two way,No junction,Asphalt roads,Darkness - lights lit,Normal,Vehicle with vehicle collision,Going straight,Not a Pedestrian,Changing lane to the right,2
7841,18-30,Male,Elementary school,Employee,1-2yr,other,No junction,Asphalt roads,Darkness - lights lit,Normal,Vehicle with vehicle collision,Going straight,Not a Pedestrian,No priority to vehicle,2
7842,31-50,Male,High school,Employee,No Licence,other,Other,Asphalt roads,Darkness - lights unlit,Raining,Rollover,Going straight,Not a Pedestrian,Getting off the vehicle improperly,2
7843,31-50,Male,Junior high school,Owner,5-10yr,Double carriageway (median),Y Shape,Asphalt roads,Darkness - lights unlit,Normal,Vehicle with vehicle collision,Going straight,Not a Pedestrian,No distancing,1
7844,18-30,Male,Junior high school,Employee,1-2yr,Undivided Two way,Y Shape,Asphalt roads,Darkness - lights unlit,Normal,Vehicle with vehicle collision,Other,Not a Pedestrian,No distancing,1
7845,Over 51,Male,Junior high school,Employee,2-5yr,other,Y Shape,Asphalt roads,Darkness - lights lit,Normal,Collision with pedestrians,Going straight,Crossing from nearside - masked by parked or statioNot a Pedestrianry vehicle,Changing lane to the left,2
7846,18-30,Male,Junior high school,Employee,5-10yr,other,Y Shape,Asphalt roads,Darkness - lights lit,Normal,Vehicle with vehicle collision,Going straight,Unknown or other,No priority to vehicle,2
7847,18-30,Male,Unknown,Unknown,Unknown,Two-way (divided with solid lines road marking),Y Shape,Asphalt roads,Darkness - lights lit,Normal,Vehicle with vehicle collision,Going straight,Not a Pedestrian,Driving carelessly,2
7848,18-30,Male,Unknown,Unknown,Unknown,Undivided Two way,No junction,Asphalt roads,Darkness - lights lit,Normal,Vehicle with vehicle collision,Going straight,Not a Pedestrian,Changing lane to the right,1
7849,18-30,Male,Junior high school,Employee,2-5yr,Undivided Two way,No junction,Asphalt roads,Daylight,Normal,Vehicle with vehicle collision,Going straight,Not a Pedestrian,No distancing,2
7850,Over 51,Male,Junior high school,Employee,Above 10yr,other,No junction,Asphalt roads,Daylight,Normal,Collision with roadside objects,Going straight,Not a Pedestrian,Changing lane to the right,2
7851,Over 51,Male,Junior high school,Owner,Above 10yr,Undivided Two way,Y Shape,Asphalt roads,Daylight,Normal,Vehicle with vehicle collision,Going straight,Not a Pedestrian,No distancing,2
7852,Unknown,Male,Unknown,Unknown,Unknown,Undivided Two way,Y Shape,Asphalt roads,Daylight,Normal,Vehicle with vehicle collision,Going straight,Not a Pedestrian,Driving under the influence of drugs,2
7853,Over 51,Male,Elementary school,Owner,Above 10yr,Double carriageway (median),No junction,Asphalt roads,Daylight,Normal,Vehicle with vehicle collision,Going straight,Not a Pedestrian,Changing lane to the left,2
7854,18-30,Male,Unknown,Unknown,Unknown,Undivided Two way,No junction,Asphalt roads,Daylight,Normal,Vehicle with vehicle collision,Moving Backward,Not a Pedestrian,Getting off the vehicle improperly,2
7855,31-50,Male,Junior high school,Owner,5-10yr,other,No junction,Asphalt roads,Darkness - lights lit,Normal,Collision with roadside objects,Going straight,Not a Pedestrian,Overloading,2
7856,18-30,Male,Junior high school,Owner,Above 10yr,other,No junction,Asphalt roads,Darkness - lights lit,Raining,Vehicle with vehicle collision,Going straight,Not a Pedestrian,Driving carelessly,2
7857,31-50,Male,High school,Owner,Above 10yr,other,No junction,Asphalt roads,Daylight,Normal,Collision with roadside objects,Going straight,Not a Pedestrian,Overtaking,2
7858,31-50,Male,Unknown,Unknown,Unknown,other,No junction,Asphalt roads,Daylight,Normal,Vehicle with vehicle collision,Going straight,Not a Pedestrian,No distancing,2
7859,31-50,Male,Elementary school,Employee,5-10yr,Undivided Two way,No junction,Asphalt roads,Daylight,Normal,Rollover,Moving Backward,Not a Pedestrian,Overturning,2
7860,18-30,Male,Elementary school,Owner,Above 10yr,Two-way (divided with broken lines road marking),No junction,Asphalt roads,Daylight,Normal,Vehicle with vehicle collision,Going straight,Not a Pedestrian,Driving carelessly,2
7861,18-30,Male,Junior high school,Owner,Below 1yr,Two-way (divided with broken lines road marking),No junction,Asphalt roads,Daylight,Other,Vehicle with vehicle collision,Other,Not a Pedestrian,No priority to pedestrian,2
7862,31-50,Male,Junior high school,Owner,2-5yr,Undivided Two way,No junction,Asphalt roads,Daylight,Other,Vehicle with vehicle collision,Other,Not a Pedestrian,No distancing,2
7863,31-50,Male,Junior high school,Owner,2-5yr,Undivided Two way,Crossing,Asphalt roads,Daylight,Raining,Vehicle with vehicle collision,Going straight,Not a Pedestrian,No priority to vehicle,2
7864,31-50,Male,High school,Owner,5-10yr,Two-way (divided with broken lines road marking),Crossing,Asphalt roads,Daylight,Raining,Vehicle with vehicle collision,Going straight,Not a Pedestrian,Getting off the vehicle improperly,2
7865,18-30,Male,Junior high school,Owner,Unknown,Two-way (divided with broken lines road marking),Crossing,Unknown,Darkness - lights lit,Raining,Collision with pedestrians,Going straight,Not a Pedestrian,No priority to pedestrian,2
7866,18-30,Male,Unknown,Owner,Below 1yr,Undivided Two way,Crossing,Asphalt roads,Darkness - lights lit,Raining,Rollover,Going straight,Not a Pedestrian,Changing lane to the right,2
7867,18-30,Male,Elementary school,Owner,Above 10yr,Two-way (divided with broken lines road marking),Crossing,Asphalt roads,Daylight,Normal,Vehicle with vehicle collision,Other,Not a Pedestrian,Moving Backward,2
7868,31-50,Male,Elementary school,Owner,Below 1yr,Undivided Two way,Crossing,Asphalt roads,Daylight,Normal,Rollover,Going straight,Not a Pedestrian,Changing lane to the left,2
7869,Unknown,Female,Junior high school,Owner,5-10yr,Double carriageway (median),Y Shape,Asphalt roads,Darkness - lights lit,Normal,Vehicle with vehicle collision,Getting off,Not a Pedestrian,No distancing,2
7870,18-30,Male,Junior high school,Owner,5-10yr,Two-way (divided with broken lines road marking),Y Shape,Asphalt roads,Darkness - lights lit,Normal,Vehicle with vehicle collision,Going straight,Not a Pedestrian,Driving carelessly,2
7871,Unknown,Male,Unknown,Owner,Unknown,Two-way (divided with broken lines road marking),Y Shape,Asphalt roads,Daylight,Normal,Vehicle with vehicle collision,Going straight,Not a Pedestrian,Driving under the influence of drugs,2
7872,18-30,Male,Junior high school,Employee,1-2yr,Undivided Two way,Y Shape,Asphalt roads,Daylight,Normal,Fall from vehicles,Going straight,Not a Pedestrian,Driving carelessly,2
7873,31-50,Male,High school,Owner,5-10yr,Two-way (divided with broken lines road marking),Other,Asphalt roads,Daylight,Normal,Vehicle with vehicle collision,Going straight,Not a Pedestrian,Driving carelessly,1
7874,31-50,Male,Junior high school,Employee,5-10yr,Double carriageway (median),Other,Asphalt roads,Daylight,Normal,Collision with roadside objects,Going straight,Not a Pedestrian,Changing lane to the right,1
7875,31-50,Male,Junior high school,Employee,5-10yr,Two-way (divided with broken lines road marking),Y Shape,Asphalt roads,Daylight,Snow,Vehicle with vehicle collision,Going straight,Not a Pedestrian,No distancing,2
7876,Over 51,Male,Junior high school,Employee,5-10yr,Two-way (divided with broken lines road marking),Y Shape,Asphalt roads,Daylight,Snow,Vehicle with vehicle collision,Moving Backward,Not a Pedestrian,Driving carelessly,2
7877,18-30,Male,Junior high school,Employee,Above 10yr,Unknown,Y Shape,Asphalt roads,Daylight,Raining,Vehicle with vehicle collision,Going straight,Not a Pedestrian,No priority to pedestrian,2
7878,18-30,Male,Junior high school,Employee,5-10yr,Double carriageway (median),Y Shape,Asphalt roads,Daylight,Raining,Collision with pedestrians,Other,Not a Pedestrian,No distancing,2
7879,31-50,Male,Junior high school,Employee,No Licence,Two-way (divided with broken lines road marking),Other,Asphalt roads,Daylight,Normal,Vehicle with vehicle collision,Going straight,Not a Pedestrian,Moving Backward,2
7880,18-30,Male,Above high school,Employee,Below 1yr,Two-way (divided with broken lines road marking),Other,Asphalt roads,Daylight,Normal,Vehicle with vehicle collision,Going straight,Not a Pedestrian,Moving Backward,2
7881,31-50,Male,Elementary school,Employee,5-10yr,One way,Y Shape,Asphalt roads,Darkness - lights lit,Cloudy,Vehicle with vehicle collision,Going straight,Not a Pedestrian,No priority to vehicle,2
7882,18-30,Male,Elementary school,Employee,5-10yr,Undivided Two way,No junction,Asphalt roads,Darkness - lights lit,Normal,Rollover,Going straight,Not a Pedestrian,No distancing,2
7883,18-30,Male,Junior high school,Employee,5-10yr,Undivided Two way,No junction,Asphalt roads,Darkness - lights lit,Normal,Collision with roadside objects,Unknown,Not a Pedestrian,Moving Backward,2
7884,18-30,Male,High school,Employee,5-10yr,other,No junction,Asphalt roads,Darkness - lights lit,Normal,Vehicle with vehicle collision,Moving Backward,Not a Pedestrian,Changing lane to the right,2
7885,Unknown,Male,Junior high school,Employee,5-10yr,Two-way (divided with broken lines road marking),No junction,Asphalt roads,Darkness - lights lit,Normal,Vehicle with vehicle collision,Unknown,Not a Pedestrian,Moving Backward,2
7886,Unknown,Male,Junior high school,Employee,2-5yr,Undivided Two way,Y Shape,Asphalt roads,Daylight,Normal,Collision with roadside objects,Going straight,Not a Pedestrian,Changing lane to the right,2
7887,31-50,Male,Writing & reading,Employee,5-10yr,Two-way (divided with broken lines road marking),Y Shape,Asphalt roads,Daylight,Normal,Vehicle with vehicle collision,Going straight,Not a Pedestrian,Driving carelessly,2
7888,Under 18,Male,Junior high school,Employee,Above 10yr,Double carriageway (median),No junction,Asphalt roads,Darkness - lights lit,Normal,Vehicle with vehicle collision,Unknown,Crossing from driver's nearside,Changing lane to the right,1
7889,31-50,Male,Junior high school,Employee,1-2yr,Undivided Two way,No junction,Asphalt roads,Darkness - lights lit,Normal,Vehicle with vehicle collision,Going straight,Not a Pedestrian,No distancing,1
7890,18-30,Male,Writing & reading,Employee,Below 1yr,Undivided Two way,No junction,Asphalt roads,Darkness - lights lit,Normal,Rollover,Going straight,Not a Pedestrian,Moving Backward,1
7891,31-50,Male,Elementary school,Employee,1-2yr,Two-way (divided with broken lines road marking),No junction,Asphalt roads,Darkness - lights lit,Normal,Rollover,Going straight,Not a Pedestrian,Driving carelessly,1
7892,31-50,Male,Junior high school,Employee,5-10yr,Double carriageway (median),No junction,Asphalt roads,Darkness - lights lit,Normal,Collision with pedestrians,Going straight,Not a Pedestrian,No distancing,1
7893,Unknown,Female,Elementary school,Employee,Above 10yr,Undivided Two way,Y Shape,Asphalt roads,Daylight,Fog or mist,Vehicle with vehicle collision,Going straight,Not a Pedestrian,No priority to vehicle,1
7894,Unknown,Male,Junior high school,Employee,5-10yr,other,Y Shape,Gravel roads,Darkness - lights lit,Other,Vehicle with vehicle collision,Going straight,Not a Pedestrian,Changing lane to the right,2
7895,Under 18,Male,Elementary school,Employee,2-5yr,Two-way (divided with broken lines road marking),Y Shape,Asphalt roads,Darkness - lights lit,Other,Vehicle with vehicle collision,Going straight,Unknown or other,Moving Backward,2
7896,18-30,Male,Junior high school,Employee,2-5yr,Undivided Two way,Other,Asphalt roads,Daylight,Normal,Collision with pedestrians,Other,Not a Pedestrian,Driving under the influence of drugs,2
7897,Under 18,Male,Junior high school,Employee,Above 10yr,Undivided Two way,Crossing,Asphalt roads,Daylight,Normal,Collision with pedestrians,Going straight,Not a Pedestrian,Changing lane to the right,2
7898,Under 18,Male,Junior high school,Employee,2-5yr,Double carriageway (median),No junction,Asphalt roads,Daylight,Normal,Vehicle with vehicle collision,Going straight,Not a Pedestrian,No priority to vehicle,2
7899,Under 18,Male,Junior high school,Owner,Below 1yr,Undivided Two way,Y Shape,Asphalt roads,Darkness - lights lit,Normal,Vehicle with vehicle collision,Going straight,Not a Pedestrian,Changing lane to the left,2
7900,Under 18,Male,Junior high school,Employee,2-5yr,Undivided Two way,Y Shape,Asphalt roads,Darkness - lights lit,Normal,Vehicle with vehicle collision,Going straight,Not a Pedestrian,Driving carelessly,2
7901,Unknown,Male,Junior high school,Employee,Above 10yr,other,Y Shape,Asphalt roads,Darkness - lights lit,Normal,Collision with roadside objects,Going straight,Not a Pedestrian,No priority to pedestrian,2
7902,Unknown,Female,Junior high school,Employee,2-5yr,Two-way (divided with broken lines road marking),Y Shape,Asphalt roads,Darkness - lights lit,Normal,Vehicle with vehicle collision,Going straight,Not a Pedestrian,No priority to pedestrian,2
7903,Unknown,Male,Elementary school,Employee,Above 10yr,Two-way (divided with broken lines road marking),Y Shape,Asphalt roads,Daylight,Normal,Collision with roadside objects,Moving Backward,Not a Pedestrian,Changing lane to the right,2
7904,Over 51,Male,Elementary school,Employee,Above 10yr,Undivided Two way,Y Shape,Asphalt roads with some distress,Daylight,Normal,Vehicle with vehicle collision,Going straight,Not a Pedestrian,Drunk driving,2
7905,Unknown,Male,Elementary school,Other,Above 10yr,Double carriageway (median),Crossing,Asphalt roads,Darkness - lights lit,Normal,Vehicle with vehicle collision,Going straight,Not a Pedestrian,Changing lane to the left,2
7906,18-30,Male,Junior high school,Employee,Above 10yr,Double carriageway (median),Crossing,Asphalt roads,Darkness - lights lit,Normal,Collision with roadside objects,Going straight,Not a Pedestrian,Changing lane to the left,2
7907,Under 18,Male,Junior high school,Employee,Below 1yr,Two-way (divided with broken lines road marking),Y Shape,Asphalt roads,Darkness - lights lit,Normal,Vehicle with vehicle collision,Going straight,Not a Pedestrian,Driving to the left,2
7908,Under 18,Male,Elementary school,Employee,5-10yr,Two-way (divided with broken lines road marking),Y Shape,Asphalt roads,Darkness - lights lit,Normal,Vehicle with vehicle collision,Going straight,Not a Pedestrian,Changing lane to the left,2
7909,Over 51,Male,Junior high school,Employee,2-5yr,Two-way (divided with broken lines road marking),Crossing,Asphalt roads,Daylight,Raining,Collision with roadside objects,Going straight,Not a Pedestrian,Driving under the influence of drugs,2
7910,Over 51,Male,Junior high school,Employee,Above 10yr,Two-way (divided with broken lines road marking),Crossing,Asphalt roads,Daylight,Raining,Collision with roadside objects,Going straight,Not a Pedestrian,No priority to pedestrian,2
7911,Over 51,Male,Junior high school,Employee,Below 1yr,Double carriageway (median),Crossing,Asphalt roads,Daylight,Raining,Vehicle with vehicle collision,Getting off,Not a Pedestrian,Changing lane to the left,2
7912,31-50,Male,Junior high school,Owner,2-5yr,Double carriageway (median),Y Shape,Asphalt roads,Daylight,Normal,Vehicle with vehicle collision,Going straight,Not a Pedestrian,Moving Backward,1
7913,31-50,Male,Junior high school,Employee,Above 10yr,Two-way (divided with broken lines road marking),Y Shape,Asphalt roads,Daylight,Normal,Vehicle with vehicle collision,Going straight,Not a Pedestrian,Overtaking,1
7914,31-50,Male,Writing & reading,Employee,2-5yr,Two-way (divided with broken lines road marking),Crossing,Asphalt roads,Daylight,Normal,Vehicle with vehicle collision,Turnover,Not a Pedestrian,Changing lane to the left,2
7915,31-50,Male,Junior high school,Employee,2-5yr,Two-way (divided with broken lines road marking),Crossing,Asphalt roads,Daylight,Normal,Vehicle with vehicle collision,Moving Backward,Crossing from offside - masked by  parked or statioNot a Pedestrianry vehicle,Changing lane to the right,2
7916,18-30,Male,High school,Employee,2-5yr,other,Crossing,Asphalt roads,Darkness - lights lit,Other,Vehicle with vehicle collision,Going straight,Crossing from nearside - masked by parked or statioNot a Pedestrianry vehicle,Overtaking,2
7917,18-30,Male,Junior high school,Employee,1-2yr,Unknown,Crossing,Asphalt roads,Darkness - lights lit,Other,Vehicle with vehicle collision,Moving Backward,Unknown or other,Overloading,2
7918,Unknown,Male,High school,Employee,5-10yr,Undivided Two way,No junction,Asphalt roads,Daylight,Snow,Vehicle with vehicle collision,Going straight,Not a Pedestrian,Other,2
7919,18-30,Male,Elementary school,Employee,2-5yr,other,No junction,Asphalt roads,Daylight,Snow,Vehicle with vehicle collision,Unknown,Not a Pedestrian,No priority to vehicle,2
7920,18-30,Male,Junior high school,Employee,1-2yr,other,No junction,Asphalt roads,Daylight,Snow,Vehicle with vehicle collision,Going straight,Not a Pedestrian,Changing lane to the right,2
7921,18-30,Male,Elementary school,Employee,1-2yr,other,No junction,Asphalt roads,Daylight,Snow,Vehicle with vehicle collision,Unknown,Unknown or other,Moving Backward,2
7922,18-30,Male,High school,Employee,No Licence,Unknown,No junction,Asphalt roads,Daylight,Snow,Vehicle with vehicle collision,Going straight,Unknown or other,Changing lane to the left,2
7923,18-30,Male,Junior high school,Owner,5-10yr,Undivided Two way,No junction,Asphalt roads,Daylight,Snow,Vehicle with vehicle collision,Unknown,Unknown or other,No priority to pedestrian,2
7924,31-50,Male,Junior high school,Employee,1-2yr,other,No junction,Asphalt roads,Daylight,Normal,Vehicle with vehicle collision,Going straight,Not a Pedestrian,No distancing,1
7925,Unknown,Female,Junior high school,Employee,2-5yr,other,No junction,Asphalt roads,Daylight,Unknown,Vehicle with vehicle collision,Going straight,Not a Pedestrian,No priority to vehicle,2
7926,18-30,Male,Junior high school,Employee,5-10yr,Undivided Two way,Y Shape,Asphalt roads,Daylight,Normal,Vehicle with vehicle collision,Going straight,Not a Pedestrian,No distancing,2
7927,31-50,Male,Unknown,Unknown,Unknown,other,Y Shape,Asphalt roads,Daylight,Raining,Vehicle with vehicle collision,Going straight,Not a Pedestrian,No distancing,2
7928,18-30,Male,Unknown,Unknown,Unknown,Undivided Two way,Y Shape,Asphalt roads,Daylight,Raining,Vehicle with vehicle collision,Going straight,Not a Pedestrian,Moving Backward,2
7929,18-30,Male,Junior high school,Employee,2-5yr,Double carriageway (median),Crossing,Asphalt roads,Daylight,Normal,Collision with roadside objects,Other,Not a Pedestrian,Changing lane to the right,2
7930,31-50,Male,Junior high school,Employee,Above 10yr,other,Crossing,Asphalt roads,Daylight,Normal,Vehicle with vehicle collision,Other,Not a Pedestrian,No priority to pedestrian,2
7931,18-30,Male,Junior high school,Owner,Above 10yr,Undivided Two way,No junction,Asphalt roads,Daylight,Normal,Collision with pedestrians,Going straight,Not a Pedestrian,Moving Backward,2
7932,31-50,Male,Unknown,Unknown,Unknown,One way,No junction,Asphalt roads,Daylight,Normal,Vehicle with vehicle collision,Going straight,Not a Pedestrian,Moving Backward,2
7933,31-50,Male,Elementary school,Owner,Above 10yr,Undivided Two way,O Shape,Asphalt roads,Daylight,Normal,Collision with roadside objects,Getting off,Not a Pedestrian,Overtaking,2