,Age Band of Driver,Sex of Driver,Educational Level,Vehicle Driver Relation,Driver Experience,Lanes or Medians,Type of Junction,Road Surface Type,Light Conditions,Weather Conditions,Type of Collision,Vehicle Movement,Pedestrain Movement,Cause of Accident,Accident Severity
8648,18-30,Male,Junior high school,Employee,5-10yr,Two-way (divided with broken lines road marking),Crossing,Asphalt roads,Daylight,Normal,Collision with pedestrians,Going straight,Not a Pedestrian,No distancing,2
8649,31-50,Male,Junior high school,Employee,5-10yr,other,Crossing,Other,Daylight,Normal,Vehicle with vehicle collision,Going straight,Not a Pedestrian,Driving carelessly,2
8650,18-30,Male,Elementary school,Owner,2-5yr,Two-way (divided with broken lines road marking),No junction,Gravel roads,Daylight,Normal,Vehicle with vehicle collision,Going straight,Not a Pedestrian,No priority to vehicle,1
8651,18-30,Male,Elementary school,Employee,Below 1yr,Undivided Two way,Y Shape,Gravel roads,Daylight,Normal,Collision with roadside objects,Going straight,Not a Pedestrian,No priority to vehicle,1
8652,18-30,Male,Unknown,Unknown,Unknown,Two-way (divided with broken lines road marking),Y Shape,Asphalt roads,Daylight,Normal,Vehicle with vehicle collision,Overtaking,Not a Pedestrian,No priority to vehicle,1
8653,Over 51,Male,Junior high school,Employee,Above 10yr,Undivided Two way,Y Shape,Asphalt roads,Daylight,Normal,Vehicle with vehicle collision,Going straight,Not a Pedestrian,No priority to vehicle,2
8654,31-50,Male,High school,Employee,1-2yr,Undivided Two way,Y Shape,Earth roads,Daylight,Normal,Vehicle with vehicle collision,Going straight,Not a Pedestrian,No distancing,2
8655,Over 51,Male,Junior high school,Owner,5-10yr,Undivided Two way,Y Shape,Asphalt roads,Daylight,Normal,Vehicle with vehicle collision,Going straight,Not a Pedestrian,Moving Backward,2
8656,18-30,Male,Junior high school,Employee,1-2yr,Two-way (divided with broken lines road marking),Y Shape,Asphalt roads,Daylight,Normal,Collision with roadside objects,Turnover,Not a Pedestrian,No distancing,1
8657,Under 18,Male,Junior high school,Employee,Above 10yr,Undivided Two way,Y Shape,Asphalt roads,Daylight,Normal,Vehicle with vehicle collision,Going straight,Not a Pedestrian,Changing lane to the left,1
8658,18-30,Male,Junior high school,Employee,Below 1yr,Double carriageway (median),No junction,Asphalt roads,Daylight,Normal,Vehicle with vehicle collision,Going straight,Not a Pedestrian,Changing lane to the left,2
8659,18-30,Male,Elementary school,Employee,2-5yr,Two-way (divided with broken lines road marking),Crossing,Earth roads,Daylight,Normal,Collision with roadside objects,Getting off,Not a Pedestrian,No priority to pedestrian,1
8660,18-30,Male,Junior high school,Employee,5-10yr,Two-way (divided with broken lines road marking),Crossing,Asphalt roads,Daylight,Normal,Vehicle with vehicle collision,Moving Backward,Not a Pedestrian,Moving Backward,1
8661,18-30,Male,Elementary school,Employee,5-10yr,Two-way (divided with broken lines road marking),Crossing,Asphalt roads,Daylight,Normal,Collision with roadside objects,Getting off,Not a Pedestrian,Changing lane to the left,1
8662,31-50,Male,Junior high school,Owner,1-2yr,One way,Crossing,Asphalt roads,Daylight,Normal,Vehicle with vehicle collision,Overtaking,Not a Pedestrian,No distancing,1
8663,31-50,Male,Junior high school,Employee,5-10yr,Two-way (divided with broken lines road marking),Crossing,Asphalt roads,Daylight,Normal,Vehicle with vehicle collision,Going straight,Not a Pedestrian,No priority to vehicle,1
8664,31-50,Male,Unknown,Other,Unknown,Two-way (divided with broken lines road marking),Crossing,Asphalt roads,Daylight,Normal,Vehicle with vehicle collision,Going straight,Not a Pedestrian,Changing lane to the right,1
8665,31-50,Male,High school,Employee,2-5yr,Two-way (divided with broken lines road marking),Crossing,Asphalt roads,Daylight,Normal,Vehicle with vehicle collision,Going straight,Not a Pedestrian,No distancing,1
8666,Under 18,Male,Junior high school,Employee,1-2yr,Two-way (divided with broken lines road marking),No junction,Asphalt roads,Daylight,Normal,Vehicle with vehicle collision,Reversing,Not a Pedestrian,No distancing,2
8667,Over 51,Male,Junior high school,Employee,5-10yr,Two-way (divided with broken lines road marking),No junction,Asphalt roads,Daylight,Normal,Vehicle with vehicle collision,Getting off,Not a Pedestrian,Getting off the vehicle improperly,2
8668,18-30,Male,Junior high school,Employee,2-5yr,Undivided Two way,Y Shape,Asphalt roads,Daylight,Normal,Vehicle with vehicle collision,Going straight,Not a Pedestrian,No priority to pedestrian,2
8669,31-50,Male,Junior high school,Employee,No Licence,Double carriageway (median),Y Shape,Asphalt roads,Daylight,Normal,Vehicle with vehicle collision,Going straight,Not a Pedestrian,Changing lane to the left,2
8670,18-30,Male,Junior high school,Employee,Above 10yr,Two-way (divided with broken lines road marking),No junction,Earth roads,Darkness - lights lit,Normal,Collision with pedestrians,Going straight,Not a Pedestrian,No distancing,1
8671,Over 51,Male,Junior high school,Employee,Above 10yr,Two-way (divided with broken lines road marking),No junction,Asphalt roads,Darkness - lights lit,Normal,Collision with roadside objects,Reversing,Not a Pedestrian,Driving carelessly,1
8672,18-30,Male,Junior high school,Employee,5-10yr,Double carriageway (median),Y Shape,Asphalt roads,Daylight,Normal,Vehicle with vehicle collision,Going straight,Not a Pedestrian,No distancing,2
8673,31-50,Male,High school,Employee,2-5yr,Two-way (divided with broken lines road marking),Y Shape,Asphalt roads,Daylight,Normal,Vehicle with vehicle collision,Stopping,Not a Pedestrian,Changing lane to the right,2
8674,18-30,Male,High school,Owner,2-5yr,Two-way (divided with broken lines road marking),Crossing,Asphalt roads,Darkness - lights lit,Normal,Collision with roadside objects,Overtaking,Not a Pedestrian,Overtaking,2
8675,18-30,Male,Junior high school,Employee,Below 1yr,other,Crossing,Earth roads,Darkness - lights lit,Normal,Vehicle with vehicle collision,Going straight,Not a Pedestrian,Driving carelessly,2
8676,31-50,Male,Junior high school,Owner,Above 10yr,Two-way (divided with broken lines road marking),Y Shape,Asphalt roads,Daylight,Normal,Vehicle with vehicle collision,Reversing,Not a Pedestrian,Moving Backward,2
8677,31-50,Male,Junior high school,Employee,Above 10yr,Double carriageway (median),Y Shape,Asphalt roads,Daylight,Normal,Collision with pedestrians,Going straight,Not a Pedestrian,No distancing,2
8678,18-30,Male,Elementary school,Employee,2-5yr,Undivided Two way,Y Shape,Asphalt roads,Daylight,Normal,Vehicle with vehicle collision,Going straight,Not a Pedestrian,Overtaking,2
8679,18-30,Male,Junior high school,Employee,2-5yr,Two-way (divided with broken lines road marking),Y Shape,Asphalt roads,Daylight,Normal,Collision with pedestrians,Reversing,Not a Pedestrian,Driving carelessly,2
8680,18-30,Male,Unknown,Employee,Above 10yr,Two-way (divided with broken lines road marking),Y Shape,Asphalt roads,Daylight,Normal,Vehicle with vehicle collision,Going straight,Not a Pedestrian,Driving carelessly,2
8681,18-30,Male,Elementary school,Employee,5-10yr,One way,Crossing,Asphalt roads,Darkness - lights lit,Normal,Vehicle with vehicle collision,Waiting to go,Not a Pedestrian,Moving Backward,2
8682,18-30,Male,Junior high school,Employee,Below 1yr,Double carriageway (median),Crossing,Asphalt roads,Darkness - lights lit,Normal,Collision with roadside objects,Going straight,Not a Pedestrian,Driving carelessly,2
8683,18-30,Male,Elementary school,Employee,Below 1yr,Two-way (divided with broken lines road marking),Crossing,Asphalt roads,Darkness - lights lit,Normal,Vehicle with vehicle collision,Going straight,Not a Pedestrian,Driving to the left,2
8684,Unknown,Female,Junior high school,Employee,Below 1yr,Double carriageway (median),Y Shape,Other,Daylight,Normal,Vehicle with vehicle collision,Going straight,Crossing from offside - masked by  parked or statioNot a Pedestrianry vehicle,Changing lane to the left,1
8685,31-50,Male,Junior high school,Employee,5-10yr,Undivided Two way,Y Shape,Asphalt roads,Daylight,Normal,Vehicle with vehicle collision,Going straight,Unknown or other,No distancing,1
8686,31-50,Male,Junior high school,Owner,5-10yr,Two-way (divided with broken lines road marking),Y Shape,Asphalt roads,Daylight,Normal,Collision with pedestrians,Getting off,Not a Pedestrian,No distancing,1
8687,31-50,Male,High school,Owner,5-10yr,other,Y Shape,Asphalt roads,Daylight,Normal,Collision with roadside objects,Going straight,Not a Pedestrian,Changing lane to the right,2
8688,31-50,Male,Junior high school,Employee,5-10yr,other,Y Shape,Asphalt roads,Daylight,Normal,Collision with pedestrians,Going straight,Not a Pedestrian,Driving under the influence of drugs,2
8689,18-30,Male,Junior high school,Employee,2-5yr,Two-way (divided with broken lines road marking),Y Shape,Asphalt roads,Daylight,Normal,Vehicle with vehicle collision,Going straight,Not a Pedestrian,Changing lane to the right,2
8690,18-30,Male,Elementary school,Employee,5-10yr,other,Y Shape,Asphalt roads,Daylight,Normal,Vehicle with vehicle collision,Reversing,Not a Pedestrian,Changing lane to the left,1
8691,18-30,Male,Junior high school,Employee,2-5yr,Two-way (divided with broken lines road marking),Y Shape,Asphalt roads,Daylight,Normal,Vehicle with vehicle collision,Turnover,Not a Pedestrian,Moving Backward,1
8692,31-50,Male,Junior high school,Employee,Below 1yr,Two-way (divided with broken lines road marking),Y Shape,Earth roads,Daylight,Normal,Vehicle with vehicle collision,Going straight,Not a Pedestrian,No distancing,2
8693,Under 18,Male,Elementary school,Employee,2-5yr,Two-way (divided with broken lines road marking),Y Shape,Asphalt roads,Daylight,Raining,Vehicle with vehicle collision,Going straight,Not a Pedestrian,Changing lane to the right,1
8694,Over 51,Male,Junior high school,Employee,2-5yr,Undivided Two way,Y Shape,Asphalt roads,Daylight,Raining,Collision with roadside objects,Going straight,Not a Pedestrian,Moving Backward,1
8695,Over 51,Male,Junior high school,Employee,2-5yr,Two-way (divided with broken lines road marking),No junction,Asphalt roads,Daylight,Normal,Collision with roadside objects,Going straight,Not a Pedestrian,No distancing,1
8696,Unknown,Female,Junior high school,Employee,5-10yr,Two-way (divided with broken lines road marking),No junction,Asphalt roads,Daylight,Normal,Vehicle with vehicle collision,Getting off,Not a Pedestrian,Driving to the left,1
8697,Under 18,Male,Junior high school,Employee,5-10yr,Undivided Two way,Crossing,Asphalt roads,Darkness - lights lit,Raining,Vehicle with vehicle collision,Going straight,Not a Pedestrian,Driving to the left,2
8698,31-50,Male,Junior high school,Employee,Unknown,Undivided Two way,Crossing,Asphalt roads,Darkness - lights lit,Raining,Vehicle with vehicle collision,Going straight,Not a Pedestrian,Moving Backward,2
8699,18-30,Male,Junior high school,Owner,5-10yr,Two-way (divided with broken lines road marking),No junction,Asphalt roads,Daylight,Normal,Vehicle with vehicle collision,Going straight,Not a Pedestrian,Moving Backward,2
8700,Over 51,Male,Junior high school,Employee,2-5yr,Two-way (divided with broken lines road marking),No junction,Asphalt roads,Daylight,Normal,Vehicle with vehicle collision,Going straight,Not a Pedestrian,Overtaking,2
8701,31-50,Male,Junior high school,Employee,Below 1yr,Unknown,No junction,Asphalt roads,Daylight,Normal,Vehicle with vehicle collision,Going straight,Not a Pedestrian,Driving carelessly,2
8702,18-30,Male,Junior high school,Employee,1-2yr,other,Y Shape,Asphalt roads,Darkness - lights lit,Unknown,Vehicle with vehicle collision,Going straight,Not a Pedestrian,Changing lane to the left,2
8703,Unknown,Female,Junior high school,Employee,Below 1yr,other,Y Shape,Asphalt roads,Darkness - lights lit,Unknown,Vehicle with vehicle collision,Going straight,Not a Pedestrian,Driving under the influence of drugs,2
8704,18-30,Male,Junior high school,Employee,Above 10yr,Two-way (divided with broken lines road marking),Y Shape,Asphalt roads,Daylight,Normal,Vehicle with vehicle collision,Going straight,Not a Pedestrian,No distancing,1
8705,Over 51,Male,Junior high school,Employee,Below 1yr,other,Y Shape,Asphalt roads,Daylight,Normal,Vehicle with vehicle collision,Going straight,Not a Pedestrian,Moving Backward,1
8706,18-30,Male,Junior high school,Employee,2-5yr,Undivided Two way,Y Shape,Asphalt roads,Daylight,Normal,Other,Going straight,Not a Pedestrian,Changing lane to the left,2
8707,18-30,Male,Junior high school,Employee,1-2yr,One way,Y Shape,Asphalt roads,Daylight,Normal,Vehicle with vehicle collision,Reversing,Not a Pedestrian,Changing lane to the right,2
8708,31-50,Male,Elementary school,Employee,5-10yr,Two-way (divided with broken lines road marking),Unknown,Earth roads,Darkness - lights lit,Raining,Collision with roadside objects,Going straight,Not a Pedestrian,No distancing,1
8709,31-50,Male,Junior high school,Owner,Below 1yr,Undivided Two way,No junction,Asphalt roads,Daylight,Normal,Vehicle with vehicle collision,Turnover,Not a Pedestrian,Driving at high speed,1
8710,18-30,Male,Junior high school,Employee,Below 1yr,Two-way (divided with broken lines road marking),Crossing,Unknown,Daylight,Normal,Vehicle with vehicle collision,Going straight,Not a Pedestrian,Changing lane to the right,2
8711,31-50,Male,Writing & reading,Employee,Below 1yr,Double carriageway (median),Y Shape,Asphalt roads,Daylight,Normal,Vehicle with vehicle collision,Going straight,Not a Pedestrian,No priority to vehicle,2
8712,31-50,Male,Junior high school,Employee,1-2yr,Two-way (divided with broken lines road marking),Y Shape,Asphalt roads,Daylight,Normal,Vehicle with vehicle collision,Going straight,Not a Pedestrian,No distancing,2
8713,31-50,Male,Elementary school,Owner,5-10yr,Undivided Two way,No junction,Asphalt roads,Daylight,Normal,Vehicle with vehicle collision,Going straight,Not a Pedestrian,Turnover,2
8714,18-30,Male,Junior high school,Employee,2-5yr,Undivided Two way,No junction,Asphalt roads,Daylight,Normal,Vehicle with vehicle collision,Reversing,Not a Pedestrian,No distancing,2
8715,Unknown,Female,Junior high school,Owner,Below 1yr,Undivided Two way,Y Shape,Asphalt roads,Darkness - lights lit,Normal,Collision with roadside objects,Going straight,Not a Pedestrian,Changing lane to the right,2
8716,18-30,Male,Writing & reading,Employee,5-10yr,Two-way (divided with broken lines road marking),Y Shape,Asphalt roads,Darkness - lights lit,Normal,Collision with roadside objects,Turnover,Not a Pedestrian,No distancing,2
8717,31-50,Male,Writing & reading,Employee,5-10yr,Undivided Two way,No junction,Asphalt roads,Daylight,Normal,Vehicle with vehicle collision,Going straight,Not a Pedestrian,Changing lane to the left,2
8718,31-50,Male,Junior high school,Employee,5-10yr,Undivided Two way,No junction,Asphalt roads,Daylight,Normal,Collision with roadside objects,Going straight,Unknown or other,Driving carelessly,2
8719,18-30,Male,Junior high school,Employee,2-5yr,Undivided Two way,Y Shape,Asphalt roads,Daylight,Normal,Collision with roadside objects,Going straight,Unknown or other,Changing lane to the right,1
8720,Over 51,Male,Junior high school,Employee,Above 10yr,One way,Y Shape,Gravel roads,Daylight,Normal,Vehicle with vehicle collision,Going straight,Not a Pedestrian,No priority to vehicle,1
8721,31-50,Male,Junior high school,Employee,5-10yr,Undivided Two way,Y Shape,Asphalt roads,Daylight,Normal,Vehicle with vehicle collision,Going straight,Not a Pedestrian,No distancing,2
8722,18-30,Male,Junior high school,Employee,Above 10yr,other,Y Shape,Asphalt roads,Daylight,Normal,Collision with roadside objects,Getting off,Not a Pedestrian,No priority to pedestrian,2
8723,Over 51,Male,Junior high school,Employee,2-5yr,other,Y Shape,Asphalt roads,Daylight,Normal,Vehicle with vehicle collision,Moving Backward,Not a Pedestrian,No priority to pedestrian,2
8724,31-50,Male,Junior high school,Employee,Below 1yr,Two-way (divided with broken lines road marking),Y Shape,Asphalt roads,Daylight,Normal,Vehicle with vehicle collision,Going straight,Not a Pedestrian,No priority to vehicle,2
8725,31-50,Male,Junior high school,Employee,Below 1yr,One way,Crossing,Asphalt roads,Daylight,Normal,Vehicle with vehicle collision,Turnover,Not a Pedestrian,Changing lane to the left,2
8726,Over 51,Male,Junior high school,Owner,5-10yr,Two-way (divided with broken lines road marking),Y Shape,Asphalt roads,Daylight,Raining,Vehicle with vehicle collision,Going straight,Not a Pedestrian,Changing lane to the left,2
8727,18-30,Male,Junior high school,Employee,2-5yr,Two-way (divided with broken lines road marking),No junction,Asphalt roads,Darkness - lights lit,Normal,Vehicle with vehicle collision,Unknown,Not a Pedestrian,No distancing,1
8728,18-30,Male,Elementary school,Employee,Below 1yr,Two-way (divided with broken lines road marking),No junction,Asphalt roads,Darkness - lights lit,Normal,Vehicle with vehicle collision,Going straight,Not a Pedestrian,No priority to vehicle,1
8729,Over 51,Male,Junior high school,Employee,2-5yr,Two-way (divided with broken lines road marking),No junction,Asphalt roads,Daylight,Normal,Collision with pedestrians,Going straight,Not a Pedestrian,No distancing,2
8730,Over 51,Male,Junior high school,Employee,5-10yr,Two-way (divided with broken lines road marking),No junction,Asphalt roads,Daylight,Normal,Vehicle with vehicle collision,Going straight,Not a Pedestrian,No distancing,2
8731,31-50,Male,High school,Employee,Above 10yr,Two-way (divided with broken lines road marking),No junction,Asphalt roads,Daylight,Normal,Collision with roadside objects,Going straight,Not a Pedestrian,Changing lane to the right,2
8732,31-50,Male,High school,Employee,Above 10yr,Undivided Two way,No junction,Asphalt roads,Daylight,Normal,Vehicle with vehicle collision,Turnover,Not a Pedestrian,Changing lane to the left,2
8733,31-50,Male,Junior high school,Employee,5-10yr,Two-way (divided with broken lines road marking),No junction,Asphalt roads,Daylight,Normal,Vehicle with vehicle collision,Turnover,Not a Pedestrian,No distancing,2
8734,18-30,Male,Elementary school,Employee,1-2yr,Two-way (divided with broken lines road marking),No junction,Asphalt roads,Daylight,Normal,Vehicle with vehicle collision,Going straight,Not a Pedestrian,Overturning,1
8735,18-30,Male,Elementary school,Employee,5-10yr,Two-way (divided with broken lines road marking),Y Shape,Asphalt roads,Darkness - lights lit,Normal,Vehicle with vehicle collision,Getting off,Not a Pedestrian,No priority to vehicle,2
8736,Over 51,Male,Junior high school,Employee,5-10yr,Two-way (divided with broken lines road marking),Y Shape,Asphalt roads,Darkness - lights lit,Normal,Vehicle with vehicle collision,Getting off,Not a Pedestrian,Moving Backward,2
8737,Unknown,Female,Junior high school,Employee,1-2yr,Double carriageway (median),O Shape,Asphalt roads,Darkness - lights lit,Normal,Vehicle with vehicle collision,Going straight,Not a Pedestrian,Driving under the influence of drugs,2
8738,31-50,Male,Junior high school,Owner,5-10yr,Undivided Two way,O Shape,Other,Darkness - lights lit,Normal,Vehicle with vehicle collision,Overtaking,Not a Pedestrian,Moving Backward,2
8739,31-50,Male,High school,Owner,Above 10yr,Double carriageway (median),O Shape,Asphalt roads,Darkness - lights lit,Normal,Vehicle with vehicle collision,Reversing,Not a Pedestrian,Changing lane to the right,2
8740,31-50,Male,Unknown,Owner,Below 1yr,Two-way (divided with broken lines road marking),O Shape,Asphalt roads,Darkness - lights lit,Normal,Vehicle with vehicle collision,Going straight,Not a Pedestrian,Overspeed,2
8741,Unknown,Female,Writing & reading,Owner,5-10yr,Undivided Two way,No junction,Asphalt roads,Daylight,Normal,Collision with roadside objects,Getting off,Not a Pedestrian,Driving under the influence of drugs,1
8742,18-30,Male,Above high school,Employee,Above 10yr,Two-way (divided with broken lines road marking),No junction,Asphalt roads,Daylight,Normal,Vehicle with vehicle collision,Getting off,Not a Pedestrian,Driving carelessly,1
8743,18-30,Male,High school,Employee,Below 1yr,Undivided Two way,No junction,Asphalt roads,Daylight,Normal,Collision with roadside objects,Reversing,Not a Pedestrian,No distancing,1
8744,31-50,Male,Junior high school,Employee,1-2yr,other,Y Shape,Asphalt roads,Daylight,Raining,Vehicle with vehicle collision,Turnover,Not a Pedestrian,No priority to vehicle,2
8745,18-30,Male,Junior high school,Employee,Above 10yr,One way,Crossing,Asphalt roads,Daylight,Normal,Vehicle with vehicle collision,Moving Backward,Not a Pedestrian,Overspeed,2
8746,31-50,Male,Junior high school,Owner,Above 10yr,Two-way (divided with broken lines road marking),Crossing,Other,Daylight,Normal,Unknown,Going straight,Not a Pedestrian,Driving under the influence of drugs,2
8747,31-50,Male,Junior high school,Employee,Above 10yr,Two-way (divided with broken lines road marking),Crossing,Asphalt roads,Daylight,Normal,Collision with pedestrians,Going straight,Not a Pedestrian,Changing lane to the right,1
8748,18-30,Male,Junior high school,Employee,No Licence,Two-way (divided with broken lines road marking),Y Shape,Asphalt roads,Daylight,Normal,Vehicle with vehicle collision,Going straight,Not a Pedestrian,Changing lane to the right,2
8749,18-30,Male,Junior high school,Employee,1-2yr,Undivided Two way,Y Shape,Asphalt roads,Daylight,Normal,Vehicle with vehicle collision,Going straight,Not a Pedestrian,Changing lane to the right,2
8750,Over 51,Male,Illiterate,Owner,1-2yr,Undivided Two way,Crossing,Asphalt roads,Darkness - lights lit,Normal,Vehicle with vehicle collision,Reversing,Not a Pedestrian,Changing lane to the right,2
8751,31-50,Male,Junior high school,Owner,Below 1yr,Undivided Two way,Y Shape,Asphalt roads,Daylight,Normal,Collision with pedestrians,Going straight,Not a Pedestrian,Moving Backward,2
8752,31-50,Male,Junior high school,Owner,1-2yr,Two-way (divided with broken lines road marking),Y Shape,Asphalt roads,Daylight,Normal,Collision with roadside objects,Going straight,Not a Pedestrian,No distancing,2
8753,Over 51,Male,Junior high school,Owner,2-5yr,Undivided Two way,Other,Asphalt roads,Darkness - lights lit,Normal,Unknown,Going straight,Not a Pedestrian,Overspeed,1
8754,Unknown,Female,Unknown,Owner,5-10yr,Two-way (divided with broken lines road marking),Other,Asphalt roads,Darkness - lights lit,Normal,Vehicle with vehicle collision,Going straight,Not a Pedestrian,No distancing,1
8755,31-50,Male,Unknown,Owner,Above 10yr,Double carriageway (median),Y Shape,Unknown,Darkness - lights lit,Raining and Windy,Unknown,Getting off,Not a Pedestrian,Driving carelessly,1
8756,31-50,Male,Junior high school,Owner,2-5yr,Undivided Two way,Y Shape,Other,Darkness - lights lit,Raining and Windy,Unknown,Going straight,Not a Pedestrian,Moving Backward,1
8757,18-30,Male,Elementary school,Owner,Above 10yr,Two-way (divided with broken lines road marking),Crossing,Asphalt roads,Daylight,Normal,Unknown,Going straight,Not a Pedestrian,Overtaking,2
8758,18-30,Male,Writing & reading,Owner,5-10yr,other,Crossing,Asphalt roads,Daylight,Normal,Vehicle with vehicle collision,Going straight,Not a Pedestrian,Changing lane to the left,2
8759,18-30,Male,Unknown,Owner,Unknown,Two-way (divided with broken lines road marking),Crossing,Asphalt roads,Daylight,Normal,Vehicle with vehicle collision,Going straight,Not a Pedestrian,Changing lane to the right,2
8760,18-30,Male,Junior high school,Owner,5-10yr,other,Crossing,Asphalt roads,Daylight,Normal,Collision with roadside objects,Reversing,Not a Pedestrian,Overtaking,2
8761,18-30,Male,Junior high school,Owner,Below 1yr,Undivided Two way,Crossing,Asphalt roads with some distress,Daylight,Normal,Collision with roadside objects,Moving Backward,Not a Pedestrian,Overloading,2
8762,18-30,Male,Junior high school,Owner,2-5yr,One way,Crossing,Unknown,Daylight,Normal,Vehicle with vehicle collision,Going straight,Not a Pedestrian,Other,2
8763,Over 51,Male,Elementary school,Employee,2-5yr,other,Crossing,Asphalt roads,Daylight,Normal,Vehicle with vehicle collision,Going straight,Not a Pedestrian,No priority to vehicle,2
8764,18-30,Male,Junior high school,Employee,2-5yr,Double carriageway (median),Y Shape,Asphalt roads,Darkness - lights lit,Normal,Vehicle with vehicle collision,Going straight,Not a Pedestrian,Changing lane to the right,2
8765,Under 18,Male,Junior high school,Employee,2-5yr,other,Y Shape,Asphalt roads,Darkness - lights lit,Normal,Vehicle with vehicle collision,Going straight,Not a Pedestrian,Moving Backward,2
8766,31-50,Male,Junior high school,Employee,5-10yr,Two-way (divided with broken lines road marking),Y Shape,Asphalt roads,Daylight,Raining,Vehicle with vehicle collision,Going straight,Not a Pedestrian,Changing lane to the left,2
8767,31-50,Male,Junior high school,Employee,5-10yr,One way,Y Shape,Earth roads,Daylight,Raining,Rollover,Going straight,Not a Pedestrian,No priority to pedestrian,2
8768,18-30,Male,Junior high school,Employee,Above 10yr,Undivided Two way,Y Shape,Asphalt roads,Daylight,Raining,Vehicle with vehicle collision,Turnover,Not a Pedestrian,No distancing,1
8769,18-30,Male,Elementary school,Employee,5-10yr,other,Y Shape,Asphalt roads,Daylight,Raining,Collision with roadside objects,Going straight,Not a Pedestrian,No priority to vehicle,1
8770,18-30,Male,Junior high school,Employee,5-10yr,Undivided Two way,Y Shape,Asphalt roads,Daylight,Normal,Collision with pedestrians,Other,Not a Pedestrian,No distancing,2
8771,18-30,Male,Junior high school,Employee,Above 10yr,Double carriageway (median),Y Shape,Asphalt roads,Daylight,Normal,Vehicle with vehicle collision,Going straight,Not a Pedestrian,No distancing,2
8772,Over 51,Male,Elementary school,Owner,Unknown,Two-way (divided with broken lines road marking),Y Shape,Asphalt roads,Daylight,Raining,Vehicle with vehicle collision,Going straight,Not a Pedestrian,Moving Backward,2
8773,18-30,Male,Junior high school,Owner,5-10yr,Two-way (divided with broken lines road marking),Y Shape,Asphalt roads,Daylight,Raining,Vehicle with vehicle collision,Going straight,Not a Pedestrian,Changing lane to the right,2
8774,31-50,Male,Junior high school,Employee,5-10yr,Two-way (divided with broken lines road marking),Y Shape,Asphalt roads,Darkness - lights lit,Raining,Vehicle with vehicle collision,Going straight,Crossing from offside - masked by  parked or statioNot a Pedestrianry vehicle,No priority to pedestrian,2
8775,31-50,Male,Junior high school,Employee,Below 1yr,Two-way (divided with broken lines road marking),Y Shape,Asphalt roads,Darkness - lights lit,Raining,Vehicle with vehicle collision,Going straight,Not a Pedestrian,Moving Backward,2
8776,18-30,Male,Unknown,Unknown,Unknown,Double carriageway (median),Y Shape,Asphalt roads,Daylight,Normal,Vehicle with vehicle collision,Moving Backward,Not a Pedestrian,Getting off the vehicle improperly,1
8777,18-30,Male,Junior high school,Employee,5-10yr,Double carriageway (median),Y Shape,Asphalt roads,Darkness - lights lit,Raining,Vehicle with vehicle collision,Moving Backward,Not a Pedestrian,Overtaking,2
8778,18-30,Male,Junior high school,Employee,5-10yr,Undivided Two way,Y Shape,Asphalt roads,Darkness - lights lit,Raining,Collision with roadside objects,Moving Backward,Not a Pedestrian,Overloading,2
8779,31-50,Male,Junior high school,Employee,Above 10yr,One way,Y Shape,Gravel roads,Daylight,Normal,Rollover,Other,Not a Pedestrian,Changing lane to the right,2
8780,31-50,Male,High school,Employee,Above 10yr,Undivided Two way,Y Shape,Asphalt roads,Daylight,Normal,Vehicle with vehicle collision,Going straight,Not a Pedestrian,Improper parking,2
8781,Over 51,Male,Junior high school,Employee,Above 10yr,Two-way (divided with broken lines road marking),Y Shape,Asphalt roads,Daylight,Normal,Collision with pedestrians,Unknown,Not a Pedestrian,Other,0
8782,31-50,Male,Junior high school,Employee,Above 10yr,Two-way (divided with broken lines road marking),Y Shape,Asphalt roads,Darkness - no lighting,Raining,Vehicle with vehicle collision,Turnover,Not a Pedestrian,Changing lane to the left,2
8783,31-50,Male,Junior high school,Employee,Above 10yr,Undivided Two way,Y Shape,Asphalt roads,Darkness - no lighting,Raining,Vehicle with vehicle collision,Getting off,Crossing from nearside - masked by parked or statioNot a Pedestrianry vehicle,Changing lane to the right,2
8784,31-50,Male,Junior high school,Employee,Above 10yr,Double carriageway (median),Y Shape,Asphalt roads,Darkness - no lighting,Raining,Collision with pedestrians,Going straight,Unknown or other,No priority to pedestrian,2
8785,18-30,Male,Junior high school,Employee,5-10yr,Two-way (divided with broken lines road marking),Y Shape,Asphalt roads,Darkness - no lighting,Unknown,Collision with pedestrians,Going straight,Not a Pedestrian,Overspeed,1
8786,Under 18,Male,Junior high school,Employee,2-5yr,Two-way (divided with broken lines road marking),No junction,Asphalt roads,Daylight,Normal,Vehicle with vehicle collision,Going straight,Not a Pedestrian,Changing lane to the left,2
8787,Unknown,Female,Junior high school,Employee,Below 1yr,Two-way (divided with broken lines road marking),No junction,Asphalt roads,Daylight,Normal,Vehicle with vehicle collision,Turnover,Not a Pedestrian,No priority to vehicle,2
8788,Unknown,Female,Junior high school,Employee,Below 1yr,Two-way (divided with broken lines road marking),No junction,Asphalt roads,Daylight,Normal,Vehicle with vehicle collision,Reversing,Not a Pedestrian,Changing lane to the right,2