,Age Band of Driver,Sex of Driver,Educational Level,Vehicle Driver Relation,Driver Experience,Lanes or Medians,Type of Junction,Road Surface Type,Light Conditions,Weather Conditions,Type of Collision,Vehicle Movement,Pedestrain Movement,Cause of Accident,Accident Severity
9919,Over 51,Male,Junior high school,Employee,5-10yr,Unknown,Y Shape,Asphalt roads,Darkness - lights lit,Cloudy,Collision with roadside objects,Going straight,Not a Pedestrian,Moving Backward,2
9920,31-50,Male,High school,Owner,2-5yr,Undivided Two way,Y Shape,Other,Darkness - lights lit,Cloudy,Collision with roadside objects,Going straight,Crossing from offside - masked by  parked or statioNot a Pedestrianry vehicle,No distancing,2
9921,31-50,Male,Junior high school,Employee,2-5yr,Two-way (divided with broken lines road marking),Y Shape,Asphalt roads,Darkness - lights lit,Cloudy,Vehicle with vehicle collision,Going straight,Not a Pedestrian,Overturning,2
9922,Over 51,Male,Junior high school,Employee,5-10yr,Two-way (divided with broken lines road marking),Y Shape,Asphalt roads,Darkness - lights lit,Other,Vehicle with vehicle collision,Going straight,Not a Pedestrian,Driving carelessly,2
9923,Over 51,Male,Junior high school,Employee,5-10yr,Two-way (divided with broken lines road marking),Y Shape,Asphalt roads,Darkness - lights lit,Other,Vehicle with vehicle collision,Going straight,Not a Pedestrian,Changing lane to the right,2
9924,31-50,Male,Junior high school,Employee,2-5yr,Two-way (divided with broken lines road marking),Y Shape,Asphalt roads,Darkness - lights lit,Other,Vehicle with vehicle collision,Other,Not a Pedestrian,Driving at high speed,2
9925,18-30,Male,High school,Employee,Above 10yr,Two-way (divided with broken lines road marking),Y Shape,Asphalt roads,Daylight,Normal,Vehicle with vehicle collision,Going straight,Not a Pedestrian,Changing lane to the left,2
9926,31-50,Male,Elementary school,Employee,5-10yr,Undivided Two way,Y Shape,Asphalt roads,Daylight,Normal,Vehicle with vehicle collision,Going straight,Not a Pedestrian,Driving carelessly,2
9927,18-30,Male,Junior high school,Employee,Above 10yr,Two-way (divided with broken lines road marking),Y Shape,Asphalt roads,Daylight,Normal,Vehicle with vehicle collision,Going straight,"Walking along in carriageway, back to traffic",No distancing,2
9928,18-30,Male,Writing & reading,Employee,2-5yr,Undivided Two way,Y Shape,Asphalt roads,Darkness - lights lit,Normal,Collision with roadside objects,Going straight,Not a Pedestrian,Moving Backward,2
9929,31-50,Male,Junior high school,Employee,2-5yr,Undivided Two way,Y Shape,Asphalt roads,Darkness - lights lit,Raining,Collision with roadside objects,Reversing,Not a Pedestrian,No priority to pedestrian,2
9930,31-50,Male,High school,Employee,2-5yr,Undivided Two way,Y Shape,Asphalt roads,Daylight,Windy,Collision with roadside objects,Going straight,Not a Pedestrian,Moving Backward,2
9931,18-30,Male,Junior high school,Employee,1-2yr,Undivided Two way,Y Shape,Asphalt roads,Daylight,Windy,Vehicle with vehicle collision,Going straight,Not a Pedestrian,Changing lane to the right,2
9932,18-30,Male,High school,Employee,5-10yr,Undivided Two way,Y Shape,Asphalt roads,Daylight,Normal,Vehicle with vehicle collision,Other,Not a Pedestrian,No distancing,2
9933,18-30,Male,Elementary school,Employee,2-5yr,Two-way (divided with broken lines road marking),Y Shape,Asphalt roads,Darkness - lights lit,Normal,Vehicle with vehicle collision,Going straight,Not a Pedestrian,Drunk driving,2
9934,31-50,Male,Junior high school,Employee,1-2yr,Two-way (divided with broken lines road marking),Y Shape,Asphalt roads,Daylight,Normal,Vehicle with vehicle collision,Going straight,Crossing from nearside - masked by parked or statioNot a Pedestrianry vehicle,Changing lane to the right,2
9935,31-50,Male,Elementary school,Employee,1-2yr,Two-way (divided with broken lines road marking),Y Shape,Gravel roads,Daylight,Normal,Collision with pedestrians,Going straight,Not a Pedestrian,Driving carelessly,2
9936,18-30,Male,High school,Employee,No Licence,Undivided Two way,Y Shape,Asphalt roads,Daylight,Normal,Collision with pedestrians,Turnover,Not a Pedestrian,Driving to the left,2
9937,31-50,Male,Junior high school,Owner,5-10yr,Two-way (divided with broken lines road marking),Y Shape,Asphalt roads,Daylight,Normal,Vehicle with vehicle collision,Going straight,Not a Pedestrian,Changing lane to the right,2
9938,Unknown,Female,Junior high school,Employee,1-2yr,Two-way (divided with broken lines road marking),Crossing,Asphalt roads,Darkness - lights lit,Normal,Vehicle with vehicle collision,Going straight,Not a Pedestrian,Changing lane to the right,1
9939,18-30,Male,Junior high school,Employee,2-5yr,Undivided Two way,Crossing,Other,Darkness - lights lit,Normal,Vehicle with vehicle collision,Reversing,Not a Pedestrian,Driving carelessly,1
9940,31-50,Male,Junior high school,Employee,5-10yr,other,Y Shape,Asphalt roads,Daylight,Normal,Vehicle with vehicle collision,Other,Crossing from offside - masked by  parked or statioNot a Pedestrianry vehicle,Changing lane to the left,2
9941,31-50,Male,Unknown,Unknown,Unknown,other,Crossing,Other,Darkness - no lighting,Normal,Vehicle with vehicle collision,Going straight,Not a Pedestrian,No priority to vehicle,2
9942,18-30,Male,Unknown,Unknown,Unknown,Two-way (divided with broken lines road marking),Y Shape,Asphalt roads,Darkness - lights lit,Normal,Vehicle with vehicle collision,Going straight,Not a Pedestrian,Driving carelessly,2
9943,18-30,Male,Junior high school,Employee,2-5yr,Two-way (divided with broken lines road marking),Y Shape,Asphalt roads,Darkness - lights lit,Normal,Vehicle with vehicle collision,Moving Backward,Not a Pedestrian,Changing lane to the right,2
9944,18-30,Male,Junior high school,Employee,Above 10yr,other,Y Shape,Asphalt roads,Darkness - lights lit,Normal,Vehicle with vehicle collision,Reversing,Not a Pedestrian,Driving carelessly,2
9945,31-50,Male,Junior high school,Owner,Above 10yr,Undivided Two way,No junction,Asphalt roads,Daylight,Normal,Vehicle with vehicle collision,Going straight,Not a Pedestrian,Driving under the influence of drugs,2
9946,31-50,Male,Unknown,Unknown,Unknown,other,No junction,Asphalt roads,Daylight,Normal,Vehicle with vehicle collision,Going straight,Not a Pedestrian,No distancing,2
9947,31-50,Male,Elementary school,Owner,Above 10yr,Two-way (divided with broken lines road marking),No junction,Asphalt roads,Daylight,Normal,Collision with roadside objects,Moving Backward,Not a Pedestrian,Changing lane to the left,2
9948,Unknown,Female,Junior high school,Employee,Above 10yr,Two-way (divided with broken lines road marking),No junction,Asphalt roads,Daylight,Normal,Rollover,Going straight,Unknown or other,No priority to vehicle,2
9949,Unknown,Female,Elementary school,Owner,2-5yr,Two-way (divided with broken lines road marking),No junction,Asphalt roads,Daylight,Normal,Vehicle with vehicle collision,Going straight,Not a Pedestrian,Moving Backward,2
9950,18-30,Male,Junior high school,Employee,5-10yr,Two-way (divided with broken lines road marking),No junction,Asphalt roads,Darkness - no lighting,Normal,Vehicle with vehicle collision,Going straight,Not a Pedestrian,Moving Backward,2
9951,18-30,Male,Junior high school,Employee,Below 1yr,Two-way (divided with broken lines road marking),No junction,Asphalt roads,Darkness - no lighting,Normal,Vehicle with vehicle collision,Going straight,Not a Pedestrian,No distancing,2
9952,18-30,Male,Junior high school,Employee,5-10yr,Undivided Two way,No junction,Asphalt roads,Darkness - no lighting,Normal,Vehicle with vehicle collision,Going straight,Not a Pedestrian,Changing lane to the right,2
9953,31-50,Male,High school,Employee,Above 10yr,Undivided Two way,Y Shape,Asphalt roads,Daylight,Normal,Vehicle with vehicle collision,Going straight,Not a Pedestrian,Changing lane to the right,2
9954,31-50,Male,Junior high school,Employee,5-10yr,Double carriageway (median),No junction,Asphalt roads,Darkness - lights lit,Normal,Collision with roadside objects,Unknown,Not a Pedestrian,Moving Backward,2
9955,31-50,Male,Elementary school,Employee,1-2yr,Two-way (divided with broken lines road marking),No junction,Asphalt roads,Darkness - lights lit,Normal,Collision with roadside objects,Going straight,Not a Pedestrian,Driving carelessly,2
9956,31-50,Male,Junior high school,Employee,Unknown,Unknown,Crossing,Asphalt roads,Daylight,Raining,Vehicle with vehicle collision,Reversing,Not a Pedestrian,Driving under the influence of drugs,2
9957,31-50,Male,Above high school,Employee,1-2yr,Undivided Two way,Crossing,Asphalt roads,Daylight,Raining,Collision with roadside objects,Going straight,Not a Pedestrian,No distancing,2
9958,31-50,Male,Junior high school,Employee,Above 10yr,Two-way (divided with broken lines road marking),Crossing,Asphalt roads,Daylight,Raining,Vehicle with vehicle collision,Going straight,Not a Pedestrian,No distancing,2
9959,31-50,Male,Junior high school,Employee,1-2yr,Undivided Two way,Crossing,Asphalt roads,Daylight,Normal,Vehicle with vehicle collision,Going straight,Not a Pedestrian,No priority to vehicle,2
9960,31-50,Male,Junior high school,Employee,5-10yr,other,Crossing,Asphalt roads,Daylight,Normal,Vehicle with vehicle collision,Going straight,Not a Pedestrian,Driving to the left,2
9961,31-50,Male,Junior high school,Employee,2-5yr,Two-way (divided with broken lines road marking),No junction,Asphalt roads,Daylight,Normal,Vehicle with vehicle collision,Going straight,Not a Pedestrian,No priority to vehicle,1
9962,18-30,Male,Unknown,Unknown,Unknown,Double carriageway (median),No junction,Asphalt roads,Daylight,Normal,Vehicle with vehicle collision,Going straight,Not a Pedestrian,No priority to vehicle,2
9963,18-30,Male,Junior high school,Employee,2-5yr,Double carriageway (median),No junction,Earth roads,Darkness - lights lit,Normal,Vehicle with vehicle collision,Other,Not a Pedestrian,No priority to vehicle,2
9964,18-30,Male,Junior high school,Employee,2-5yr,Two-way (divided with broken lines road marking),No junction,Asphalt roads,Darkness - lights lit,Normal,Collision with pedestrians,Moving Backward,Not a Pedestrian,No distancing,2
9965,31-50,Male,Junior high school,Employee,Above 10yr,Two-way (divided with broken lines road marking),No junction,Asphalt roads,Darkness - lights lit,Normal,Vehicle with vehicle collision,Other,Not a Pedestrian,Moving Backward,2
9966,Over 51,Male,Junior high school,Employee,1-2yr,Two-way (divided with broken lines road marking),No junction,Asphalt roads,Darkness - lights lit,Normal,Collision with roadside objects,Going straight,Not a Pedestrian,Changing lane to the right,2
9967,31-50,Male,Above high school,Owner,1-2yr,Two-way (divided with broken lines road marking),No junction,Asphalt roads,Darkness - lights lit,Normal,Vehicle with vehicle collision,Going straight,Not a Pedestrian,Driving carelessly,2
9968,31-50,Male,Above high school,Employee,No Licence,Two-way (divided with broken lines road marking),No junction,Asphalt roads,Darkness - lights lit,Normal,Collision with roadside objects,Going straight,Not a Pedestrian,Changing lane to the left,2
9969,18-30,Male,Junior high school,Employee,1-2yr,One way,Y Shape,Asphalt roads,Daylight,Normal,Vehicle with vehicle collision,Other,Not a Pedestrian,No distancing,2
9970,18-30,Male,Junior high school,Employee,5-10yr,Undivided Two way,Y Shape,Asphalt roads,Daylight,Normal,Vehicle with vehicle collision,Going straight,Not a Pedestrian,Changing lane to the right,2
9971,18-30,Male,Junior high school,Employee,Above 10yr,other,Y Shape,Asphalt roads,Daylight,Unknown,Collision with pedestrians,Unknown,Not a Pedestrian,Driving under the influence of drugs,1
9972,18-30,Male,Junior high school,Employee,Above 10yr,Two-way (divided with broken lines road marking),Y Shape,Asphalt roads,Daylight,Unknown,Vehicle with vehicle collision,Going straight,Not a Pedestrian,No distancing,1
9973,Over 51,Male,Junior high school,Owner,5-10yr,Undivided Two way,Y Shape,Asphalt roads,Daylight,Unknown,Vehicle with vehicle collision,Going straight,Not a Pedestrian,Overturning,1
9974,Over 51,Male,Elementary school,Employee,2-5yr,Undivided Two way,Y Shape,Gravel roads,Daylight,Unknown,Vehicle with vehicle collision,Going straight,Not a Pedestrian,No distancing,1
9975,18-30,Male,Junior high school,Employee,2-5yr,Undivided Two way,Crossing,Asphalt roads,Daylight,Normal,Vehicle with vehicle collision,Going straight,Not a Pedestrian,Changing lane to the right,2
9976,31-50,Male,Junior high school,Employee,Below 1yr,Undivided Two way,No junction,Earth roads,Daylight,Normal,Collision with pedestrians,Moving Backward,Not a Pedestrian,No priority to vehicle,1
9977,18-30,Male,Junior high school,Employee,2-5yr,Two-way (divided with broken lines road marking),Crossing,Asphalt roads,Darkness - lights lit,Normal,Vehicle with vehicle collision,Moving Backward,Not a Pedestrian,Changing lane to the right,2
9978,18-30,Male,Junior high school,Employee,2-5yr,Double carriageway (median),Crossing,Asphalt roads,Darkness - lights lit,Normal,Vehicle with vehicle collision,Going straight,Not a Pedestrian,Changing lane to the left,2
9979,18-30,Male,Elementary school,Employee,5-10yr,Two-way (divided with broken lines road marking),Y Shape,Asphalt roads,Daylight,Fog or mist,Vehicle with vehicle collision,Going straight,Unknown or other,No distancing,2
9980,31-50,Male,Junior high school,Employee,Above 10yr,One way,Y Shape,Earth roads,Daylight,Fog or mist,Vehicle with vehicle collision,Turnover,Not a Pedestrian,No priority to pedestrian,2
9981,18-30,Male,Unknown,Unknown,Unknown,Two-way (divided with broken lines road marking),Y Shape,Asphalt roads,Daylight,Normal,Collision with roadside objects,Going straight,Not a Pedestrian,Driving carelessly,2
9982,31-50,Male,Junior high school,Employee,2-5yr,Two-way (divided with broken lines road marking),Y Shape,Asphalt roads,Daylight,Normal,Vehicle with vehicle collision,Going straight,Not a Pedestrian,No distancing,2
9983,18-30,Male,Junior high school,Employee,5-10yr,Two-way (divided with broken lines road marking),Y Shape,Asphalt roads,Darkness - lights lit,Windy,Vehicle with vehicle collision,Going straight,Not a Pedestrian,Driving carelessly,1
9984,31-50,Male,Above high school,Employee,2-5yr,Two-way (divided with broken lines road marking),Y Shape,Asphalt roads,Daylight,Normal,Vehicle with vehicle collision,Going straight,Not a Pedestrian,Driving carelessly,2
9985,18-30,Male,Unknown,Unknown,Unknown,Undivided Two way,Y Shape,Asphalt roads,Daylight,Normal,Vehicle with vehicle collision,Going straight,Not a Pedestrian,Moving Backward,2
9986,Over 51,Male,Unknown,Employee,1-2yr,Double carriageway (median),Other,Asphalt roads,Daylight,Normal,Collision with roadside objects,Going straight,Not a Pedestrian,Overtaking,2
9987,Over 51,Male,Junior high school,Employee,2-5yr,One way,Y Shape,Asphalt roads,Daylight,Normal,Vehicle with vehicle collision,Going straight,Not a Pedestrian,No priority to vehicle,1
9988,Over 51,Male,Junior high school,Employee,Above 10yr,Two-way (divided with broken lines road marking),Y Shape,Asphalt roads,Daylight,Normal,Vehicle with vehicle collision,Going straight,Not a Pedestrian,No priority to vehicle,1
9989,31-50,Male,Junior high school,Employee,Below 1yr,Undivided Two way,Y Shape,Asphalt roads,Daylight,Normal,Vehicle with vehicle collision,Unknown,Not a Pedestrian,Changing lane to the left,2
9990,31-50,Male,Junior high school,Employee,2-5yr,Two-way (divided with broken lines road marking),Y Shape,Asphalt roads,Daylight,Normal,Vehicle with vehicle collision,Other,Not a Pedestrian,No priority to vehicle,2
9991,18-30,Male,Junior high school,Employee,Below 1yr,Undivided Two way,Y Shape,Asphalt roads,Daylight,Normal,Vehicle with vehicle collision,Getting off,Not a Pedestrian,No distancing,2
9992,31-50,Male,High school,Employee,5-10yr,Two-way (divided with broken lines road marking),Y Shape,Asphalt roads,Daylight,Cloudy,Vehicle with vehicle collision,Going straight,Not a Pedestrian,Moving Backward,2
9993,Over 51,Male,Above high school,Employee,1-2yr,Undivided Two way,Y Shape,Asphalt roads,Daylight,Cloudy,Vehicle with vehicle collision,Going straight,Not a Pedestrian,Changing lane to the right,2
9994,18-30,Male,Junior high school,Employee,Below 1yr,One way,No junction,Asphalt roads,Daylight,Normal,Vehicle with vehicle collision,Going straight,Not a Pedestrian,No distancing,2
9995,18-30,Male,Unknown,Unknown,Unknown,Two-way (divided with broken lines road marking),No junction,Asphalt roads,Darkness - lights lit,Raining,Vehicle with vehicle collision,Other,Not a Pedestrian,Overtaking,2
9996,31-50,Male,High school,Employee,Below 1yr,Double carriageway (median),No junction,Asphalt roads,Darkness - lights lit,Raining,Vehicle with vehicle collision,Going straight,Not a Pedestrian,No distancing,2
9997,31-50,Male,High school,Employee,Below 1yr,Undivided Two way,No junction,Asphalt roads,Darkness - lights lit,Normal,Vehicle with vehicle collision,Moving Backward,Not a Pedestrian,Changing lane to the left,1
9998,31-50,Male,Unknown,Unknown,Unknown,Undivided Two way,No junction,Asphalt roads,Daylight,Normal,Collision with roadside objects,Other,Not a Pedestrian,Driving under the influence of drugs,2
9999,31-50,Male,High school,Employee,2-5yr,Undivided Two way,No junction,Asphalt roads,Daylight,Normal,Collision with roadside objects,Going straight,Not a Pedestrian,No distancing,2
10000,31-50,Male,Junior high school,Employee,Above 10yr,other,Y Shape,Asphalt roads,Daylight,Normal,Collision with roadside objects,Going straight,Not a Pedestrian,No distancing,2
10001,18-30,Male,Junior high school,Employee,Above 10yr,Undivided Two way,Y Shape,Earth roads,Daylight,Normal,Collision with pedestrians,Going straight,Not a Pedestrian,Changing lane to the right,2
10002,18-30,Male,Junior high school,Employee,5-10yr,Undivided Two way,Y Shape,Asphalt roads,Daylight,Normal,Vehicle with vehicle collision,Unknown,Not a Pedestrian,Changing lane to the left,2
10003,18-30,Male,Junior high school,Employee,1-2yr,Undivided Two way,No junction,Asphalt roads,Daylight,Normal,Vehicle with vehicle collision,Going straight,Not a Pedestrian,Moving Backward,2
10004,31-50,Male,Unknown,Employee,Below 1yr,Undivided Two way,No junction,Other,Daylight,Normal,Collision with pedestrians,Going straight,Not a Pedestrian,No distancing,2
10005,18-30,Male,Junior high school,Employee,Below 1yr,Two-way (divided with broken lines road marking),No junction,Asphalt roads,Daylight,Normal,Vehicle with vehicle collision,Going straight,Not a Pedestrian,No distancing,2
10006,31-50,Male,High school,Employee,2-5yr,Two-way (divided with broken lines road marking),Y Shape,Asphalt roads,Daylight,Raining,Vehicle with vehicle collision,Going straight,Not a Pedestrian,Driving carelessly,2
10007,18-30,Male,Junior high school,Owner,1-2yr,Two-way (divided with broken lines road marking),Y Shape,Asphalt roads,Daylight,Raining,Vehicle with vehicle collision,Going straight,Not a Pedestrian,Moving Backward,2
10008,31-50,Male,Junior high school,Employee,5-10yr,One way,No junction,Asphalt roads,Daylight,Normal,Vehicle with vehicle collision,Going straight,Not a Pedestrian,No distancing,2
10009,Unknown,Female,Elementary school,Employee,2-5yr,Two-way (divided with broken lines road marking),Crossing,Asphalt roads,Darkness - lights lit,Normal,Vehicle with vehicle collision,Going straight,Not a Pedestrian,Changing lane to the right,2
10010,Over 51,Male,Elementary school,Owner,5-10yr,Undivided Two way,Y Shape,Asphalt roads,Daylight,Normal,Vehicle with vehicle collision,Going straight,Not a Pedestrian,Driving carelessly,2
10011,18-30,Male,Junior high school,Employee,Above 10yr,Unknown,Y Shape,Asphalt roads,Daylight,Normal,Collision with roadside objects,Going straight,Crossing from nearside - masked by parked or statioNot a Pedestrianry vehicle,Driving to the left,2
10012,18-30,Male,Junior high school,Employee,5-10yr,Undivided Two way,Y Shape,Asphalt roads,Daylight,Normal,Collision with pedestrians,Going straight,Not a Pedestrian,Changing lane to the right,2
10013,18-30,Male,High school,Employee,5-10yr,Undivided Two way,Y Shape,Asphalt roads,Daylight,Normal,Vehicle with vehicle collision,Going straight,Not a Pedestrian,Driving carelessly,2
10014,Unknown,Female,Junior high school,Employee,5-10yr,other,No junction,Asphalt roads,Darkness - lights lit,Normal,Vehicle with vehicle collision,Unknown,Not a Pedestrian,Changing lane to the right,2
10015,31-50,Male,Junior high school,Employee,Above 10yr,One way,No junction,Asphalt roads,Darkness - lights lit,Normal,Collision with roadside objects,Going straight,Not a Pedestrian,No priority to vehicle,2
10016,31-50,Male,Junior high school,Unknown,1-2yr,Two-way (divided with broken lines road marking),No junction,Asphalt roads,Darkness - lights lit,Normal,Vehicle with vehicle collision,Going straight,Not a Pedestrian,Changing lane to the right,2
10017,31-50,Male,Junior high school,Employee,2-5yr,Two-way (divided with broken lines road marking),No junction,Asphalt roads,Daylight,Normal,Vehicle with vehicle collision,Going straight,Not a Pedestrian,Turnover,2
10018,31-50,Male,Junior high school,Employee,1-2yr,Undivided Two way,Crossing,Asphalt roads,Daylight,Normal,Vehicle with vehicle collision,Going straight,Not a Pedestrian,No priority to vehicle,2
10019,18-30,Male,Unknown,Unknown,Unknown,Two-way (divided with broken lines road marking),Crossing,Asphalt roads,Daylight,Normal,Vehicle with vehicle collision,Turnover,Not a Pedestrian,Driving at high speed,2
10020,18-30,Male,Elementary school,Employee,5-10yr,Two-way (divided with broken lines road marking),Crossing,Asphalt roads,Daylight,Normal,Vehicle with vehicle collision,Moving Backward,Crossing from nearside - masked by parked or statioNot a Pedestrianry vehicle,No distancing,2
10021,18-30,Male,Junior high school,Employee,5-10yr,One way,Y Shape,Asphalt roads,Darkness - lights lit,Normal,Vehicle with vehicle collision,Going straight,Not a Pedestrian,No distancing,2
10022,31-50,Male,Junior high school,Employee,Above 10yr,Two-way (divided with broken lines road marking),Y Shape,Asphalt roads,Darkness - lights lit,Normal,Vehicle with vehicle collision,Going straight,Not a Pedestrian,Driving carelessly,2
10023,Under 18,Male,Junior high school,Employee,2-5yr,One way,Crossing,Asphalt roads,Daylight,Other,Vehicle with vehicle collision,Moving Backward,Not a Pedestrian,Driving carelessly,2
10024,18-30,Male,Junior high school,Owner,Above 10yr,Two-way (divided with broken lines road marking),Crossing,Asphalt roads,Daylight,Other,Collision with roadside objects,Going straight,Not a Pedestrian,Moving Backward,2
10025,31-50,Male,Junior high school,Employee,2-5yr,Two-way (divided with broken lines road marking),Y Shape,Gravel roads,Daylight,Normal,Collision with roadside objects,Moving Backward,Not a Pedestrian,No distancing,2
10026,18-30,Male,Elementary school,Other,5-10yr,Undivided Two way,Y Shape,Asphalt roads,Daylight,Normal,Collision with roadside objects,Going straight,Not a Pedestrian,Changing lane to the right,2
10027,18-30,Male,Elementary school,Employee,5-10yr,Two-way (divided with broken lines road marking),Y Shape,Asphalt roads,Daylight,Normal,Vehicle with vehicle collision,Going straight,Not a Pedestrian,Overtaking,1
10028,31-50,Male,Junior high school,Unknown,5-10yr,Two-way (divided with broken lines road marking),Y Shape,Asphalt roads,Daylight,Normal,Collision with pedestrians,Going straight,Not a Pedestrian,No distancing,2
10029,31-50,Male,Junior high school,Employee,5-10yr,Undivided Two way,Y Shape,Asphalt roads,Daylight,Normal,Vehicle with vehicle collision,Other,Not a Pedestrian,Overtaking,2
10030,18-30,Male,Elementary school,Employee,Above 10yr,Two-way (divided with broken lines road marking),Crossing,Asphalt roads,Daylight,Normal,Collision with pedestrians,Other,Not a Pedestrian,Moving Backward,2
10031,Over 51,Male,Junior high school,Unknown,Below 1yr,Two-way (divided with broken lines road marking),Crossing,Asphalt roads,Daylight,Normal,Vehicle with vehicle collision,Going straight,Not a Pedestrian,No distancing,2
10032,Over 51,Male,Junior high school,Employee,5-10yr,other,No junction,Asphalt roads,Daylight,Normal,Collision with pedestrians,Reversing,Not a Pedestrian,No distancing,2
10033,Over 51,Male,Elementary school,Employee,1-2yr,Two-way (divided with broken lines road marking),No junction,Asphalt roads,Daylight,Normal,Vehicle with vehicle collision,Going straight,Not a Pedestrian,No priority to vehicle,2
10034,31-50,Male,Unknown,Unknown,Unknown,other,Crossing,Asphalt roads,Darkness - lights lit,Normal,Vehicle with vehicle collision,Going straight,Not a Pedestrian,No priority to vehicle,2
10035,31-50,Male,Junior high school,Employee,Above 10yr,Undivided Two way,Y Shape,Asphalt roads,Daylight,Normal,Vehicle with vehicle collision,Going straight,Unknown or other,Changing lane to the left,2
10036,31-50,Male,High school,Owner,2-5yr,Two-way (divided with broken lines road marking),Y Shape,Asphalt roads,Daylight,Normal,Vehicle with vehicle collision,Going straight,Not a Pedestrian,No distancing,2
10037,Unknown,Female,Junior high school,Employee,1-2yr,Two-way (divided with broken lines road marking),Y Shape,Asphalt roads,Daylight,Normal,Vehicle with vehicle collision,Moving Backward,Not a Pedestrian,Driving under the influence of drugs,2
10038,Over 51,Male,Junior high school,Employee,1-2yr,other,No junction,Asphalt roads,Darkness - lights lit,Raining,Vehicle with vehicle collision,Going straight,Not a Pedestrian,Changing lane to the left,0
10039,18-30,Male,Above high school,Owner,2-5yr,other,Crossing,Asphalt roads,Daylight,Normal,Vehicle with vehicle collision,Going straight,Not a Pedestrian,Changing lane to the right,1
10040,18-30,Male,Unknown,Unknown,Unknown,Two-way (divided with broken lines road marking),Crossing,Asphalt roads,Daylight,Normal,Vehicle with vehicle collision,Going straight,Not a Pedestrian,Driving to the left,1
10041,Under 18,Male,Elementary school,Owner,2-5yr,Undivided Two way,Crossing,Asphalt roads,Daylight,Normal,Vehicle with vehicle collision,Going straight,Not a Pedestrian,Driving at high speed,1
10042,Under 18,Male,Junior high school,Employee,1-2yr,Undivided Two way,Crossing,Asphalt roads,Daylight,Normal,Vehicle with vehicle collision,Going straight,Not a Pedestrian,Overtaking,1
10043,Under 18,Male,Unknown,Owner,5-10yr,Undivided Two way,Crossing,Gravel roads,Daylight,Normal,Vehicle with vehicle collision,Moving Backward,Not a Pedestrian,Changing lane to the right,1
10044,31-50,Male,Junior high school,Employee,Below 1yr,Undivided Two way,Crossing,Asphalt roads,Daylight,Normal,Vehicle with vehicle collision,Going straight,Not a Pedestrian,Changing lane to the right,1
10045,18-30,Male,Junior high school,Employee,2-5yr,Undivided Two way,Crossing,Gravel roads,Daylight,Normal,Rollover,Going straight,Not a Pedestrian,Moving Backward,1
10046,31-50,Male,Junior high school,Employee,5-10yr,Undivided Two way,Y Shape,Asphalt roads,Daylight,Normal,Collision with roadside objects,Moving Backward,Crossing from driver's nearside,Moving Backward,2
10047,18-30,Male,Junior high school,Employee,Above 10yr,Unknown,Y Shape,Asphalt roads,Daylight,Normal,Vehicle with vehicle collision,Moving Backward,Not a Pedestrian,Changing lane to the left,2
10048,Over 51,Male,Elementary school,Employee,2-5yr,Two-way (divided with broken lines road marking),Crossing,Asphalt roads,Darkness - lights lit,Normal,Vehicle with vehicle collision,Going straight,Not a Pedestrian,Moving Backward,1
10049,Over 51,Male,Elementary school,Owner,Above 10yr,Undivided Two way,Crossing,Asphalt roads,Darkness - lights lit,Normal,Vehicle with vehicle collision,Turnover,Not a Pedestrian,No distancing,1
10050,Over 51,Male,Junior high school,Employee,1-2yr,Two-way (divided with broken lines road marking),Crossing,Asphalt roads,Darkness - lights lit,Normal,Collision with pedestrians,Turnover,Not a Pedestrian,Moving Backward,1
10051,Over 51,Male,Junior high school,Employee,5-10yr,Two-way (divided with broken lines road marking),Crossing,Asphalt roads,Darkness - lights lit,Normal,Collision with pedestrians,Going straight,Not a Pedestrian,Changing lane to the right,1
10052,Over 51,Male,Junior high school,Employee,2-5yr,One way,Crossing,Asphalt roads,Darkness - lights lit,Normal,Vehicle with vehicle collision,Going straight,Not a Pedestrian,Changing lane to the left,1
10053,18-30,Female,Junior high school,Employee,2-5yr,Undivided Two way,Crossing,Asphalt roads,Darkness - lights lit,Normal,Vehicle with vehicle collision,Going straight,Not a Pedestrian,No priority to vehicle,1
10054,18-30,Male,Junior high school,Employee,2-5yr,Undivided Two way,Y Shape,Asphalt roads,Darkness - lights lit,Normal,Collision with pedestrians,Going straight,Unknown or other,No distancing,2
10055,18-30,Male,Junior high school,Employee,2-5yr,Two-way (divided with broken lines road marking),Y Shape,Asphalt roads,Darkness - lights lit,Normal,Collision with pedestrians,Going straight,Not a Pedestrian,No priority to vehicle,2
10056,Over 51,Male,Junior high school,Employee,Above 10yr,One way,Crossing,Asphalt roads,Darkness - lights lit,Normal,Collision with pedestrians,Going straight,Not a Pedestrian,Driving under the influence of drugs,1
10057,31-50,Male,Junior high school,Employee,Above 10yr,Undivided Two way,No junction,Asphalt roads,Darkness - lights lit,Normal,Vehicle with vehicle collision,Getting off,Crossing from driver's nearside,Changing lane to the right,2
10058,Over 51,Male,Elementary school,Employee,5-10yr,One way,Y Shape,Asphalt roads,Daylight,Normal,Collision with roadside objects,Moving Backward,Not a Pedestrian,No distancing,2