,Age Band of Driver,Sex of Driver,Educational Level,Vehicle Driver Relation,Driver Experience,Lanes or Medians,Type of Junction,Road Surface Type,Light Conditions,Weather Conditions,Type of Collision,Vehicle Movement,Pedestrain Movement,Cause of Accident,Accident Severity
10624,31-50,Male,Above high school,Other,2-5yr,Undivided Two way,Unknown,Asphalt roads,Daylight,Normal,Vehicle with vehicle collision,Going straight,Not a Pedestrian,Changing lane to the right,2
10625,18-30,Male,High school,Employee,Above 10yr,Double carriageway (median),Unknown,Asphalt roads,Daylight,Normal,Collision with roadside objects,Going straight,Not a Pedestrian,No priority to vehicle,2
10626,18-30,Male,Elementary school,Employee,5-10yr,Two-way (divided with broken lines road marking),Unknown,Asphalt roads,Daylight,Normal,Vehicle with vehicle collision,Going straight,Not a Pedestrian,Driving at high speed,2
10627,Over 51,Male,High school,Employee,1-2yr,Undivided Two way,Unknown,Asphalt roads,Daylight,Normal,Vehicle with vehicle collision,Turnover,Not a Pedestrian,Driving under the influence of drugs,2
10628,Over 51,Male,High school,Employee,5-10yr,Double carriageway (median),Unknown,Gravel roads,Daylight,Normal,Vehicle with vehicle collision,Entering a junction,Crossing from nearside - masked by parked or statioNot a Pedestrianry vehicle,Changing lane to the right,1
10629,18-30,Male,High school,Employee,2-5yr,Two-way (divided with broken lines road marking),Unknown,Asphalt roads,Daylight,Normal,Vehicle with vehicle collision,Entering a junction,Not a Pedestrian,Driving carelessly,2
10630,18-30,Male,Junior high school,Employee,1-2yr,other,Unknown,Asphalt roads,Daylight,Normal,Collision with pedestrians,Entering a junction,Not a Pedestrian,No distancing,2
10631,31-50,Male,Above high school,Employee,Above 10yr,Two-way (divided with broken lines road marking),Unknown,Asphalt roads,Daylight,Normal,Vehicle with vehicle collision,Entering a junction,Not a Pedestrian,Changing lane to the left,2
10632,Under 18,Male,Above high school,Employee,2-5yr,One way,Unknown,Asphalt roads,Daylight,Normal,Vehicle with vehicle collision,Other,Not a Pedestrian,No distancing,2
10633,31-50,Male,Elementary school,Employee,5-10yr,One way,Unknown,Asphalt roads,Daylight,Normal,Vehicle with vehicle collision,Entering a junction,Not a Pedestrian,No distancing,2
10634,31-50,Male,Elementary school,Employee,1-2yr,Undivided Two way,Unknown,Asphalt roads,Daylight,Normal,Vehicle with vehicle collision,Turnover,Not a Pedestrian,Getting off the vehicle improperly,2
10635,31-50,Male,Junior high school,Employee,Unknown,Two-way (divided with broken lines road marking),Unknown,Asphalt roads,Daylight,Normal,Vehicle with vehicle collision,Entering a junction,Not a Pedestrian,Overtaking,2
10636,Over 51,Male,Unknown,Unknown,Unknown,other,Unknown,Asphalt roads,Daylight,Normal,Vehicle with vehicle collision,Entering a junction,Not a Pedestrian,Driving carelessly,2
10637,Under 18,Male,Elementary school,Employee,5-10yr,Two-way (divided with broken lines road marking),Unknown,Asphalt roads,Daylight,Normal,Vehicle with vehicle collision,Entering a junction,Unknown or other,Driving under the influence of drugs,1
10638,18-30,Male,Junior high school,Employee,2-5yr,Two-way (divided with broken lines road marking),Unknown,Asphalt roads,Daylight,Normal,Vehicle with vehicle collision,Entering a junction,Not a Pedestrian,Moving Backward,1
10639,31-50,Male,Junior high school,Employee,5-10yr,Two-way (divided with broken lines road marking),Unknown,Asphalt roads,Daylight,Normal,Collision with pedestrians,Entering a junction,Not a Pedestrian,Overturning,2
10640,18-30,Male,High school,Employee,2-5yr,One way,Unknown,Asphalt roads,Daylight,Normal,Vehicle with vehicle collision,Other,Not a Pedestrian,Driving under the influence of drugs,2
10641,18-30,Male,Junior high school,Employee,1-2yr,Two-way (divided with broken lines road marking),Unknown,Asphalt roads,Daylight,Normal,Vehicle with vehicle collision,Going straight,Not a Pedestrian,Changing lane to the right,2
10642,18-30,Male,Junior high school,Employee,1-2yr,Undivided Two way,Unknown,Asphalt roads,Daylight,Normal,Vehicle with vehicle collision,Going straight,Not a Pedestrian,Changing lane to the left,2
10643,18-30,Male,Junior high school,Employee,5-10yr,Two-way (divided with broken lines road marking),Unknown,Gravel roads,Daylight,Normal,Vehicle with vehicle collision,Other,Not a Pedestrian,No distancing,2
10644,31-50,Male,Illiterate,Employee,unknown,Two-way (divided with broken lines road marking),Unknown,Asphalt roads,Daylight,Normal,Collision with roadside objects,Going straight,Not a Pedestrian,No distancing,2
10645,18-30,Male,Junior high school,Employee,5-10yr,Two-way (divided with broken lines road marking),Unknown,Asphalt roads,Daylight,Normal,Vehicle with vehicle collision,Going straight,Not a Pedestrian,No priority to vehicle,2
10646,18-30,Male,Junior high school,Employee,1-2yr,Undivided Two way,Unknown,Asphalt roads,Daylight,Normal,Vehicle with vehicle collision,Going straight,Not a Pedestrian,Moving Backward,2
10647,31-50,Male,Junior high school,Employee,2-5yr,Undivided Two way,Unknown,Asphalt roads,Daylight,Normal,Vehicle with vehicle collision,Going straight,Not a Pedestrian,Moving Backward,2
10648,31-50,Male,Junior high school,Employee,Above 10yr,Undivided Two way,Unknown,Earth roads,Daylight,Normal,Vehicle with vehicle collision,Going straight,Not a Pedestrian,Getting off the vehicle improperly,2
10649,31-50,Unknown,Junior high school,Owner,5-10yr,Undivided Two way,Unknown,Asphalt roads,Daylight,Normal,Vehicle with vehicle collision,Reversing,Not a Pedestrian,Changing lane to the left,2
10650,18-30,Male,High school,Employee,1-2yr,Unknown,Unknown,Asphalt roads,Daylight,Normal,Vehicle with vehicle collision,Moving Backward,Not a Pedestrian,Changing lane to the left,2
10651,18-30,Male,Junior high school,Employee,Above 10yr,Undivided Two way,Unknown,Unknown,Darkness - lights lit,Normal,Vehicle with vehicle collision,Overtaking,Not a Pedestrian,No priority to vehicle,1
10652,18-30,Male,Junior high school,Employee,1-2yr,Unknown,Unknown,Gravel roads,Darkness - lights lit,Normal,Collision with roadside objects,Going straight,Crossing from nearside - masked by parked or statioNot a Pedestrianry vehicle,Changing lane to the right,1
10653,31-50,Male,Junior high school,Employee,2-5yr,Two-way (divided with broken lines road marking),Unknown,Asphalt roads,Daylight,Normal,Vehicle with vehicle collision,Going straight,Not a Pedestrian,Changing lane to the right,2
10654,18-30,Male,Junior high school,Employee,Above 10yr,Two-way (divided with broken lines road marking),Unknown,Unknown,Daylight,Normal,Vehicle with vehicle collision,Going straight,Not a Pedestrian,Driving carelessly,2
10655,Over 51,Male,Junior high school,Employee,2-5yr,other,Unknown,Asphalt roads,Daylight,Normal,Vehicle with vehicle collision,Reversing,Not a Pedestrian,Changing lane to the left,2
10656,31-50,Male,Elementary school,Employee,5-10yr,Undivided Two way,Unknown,Earth roads,Darkness - lights lit,Normal,Vehicle with vehicle collision,Going straight,Not a Pedestrian,Changing lane to the right,2
10657,18-30,Male,Unknown,Unknown,Unknown,Undivided Two way,Unknown,Asphalt roads,Darkness - lights lit,Normal,Rollover,Going straight,Not a Pedestrian,Driving under the influence of drugs,2
10658,31-50,Male,Elementary school,Employee,1-2yr,Two-way (divided with broken lines road marking),Unknown,Asphalt roads,Daylight,Normal,Vehicle with vehicle collision,Other,Not a Pedestrian,Driving carelessly,1
10659,Unknown,Male,Elementary school,Employee,5-10yr,Undivided Two way,Unknown,Asphalt roads,Daylight,Normal,Vehicle with vehicle collision,Entering a junction,Not a Pedestrian,No distancing,1
10660,Over 51,Male,Elementary school,Employee,5-10yr,One way,Unknown,Asphalt roads,Daylight,Normal,Collision with roadside objects,Turnover,Not a Pedestrian,No priority to vehicle,2
10661,31-50,Male,Junior high school,Employee,1-2yr,Undivided Two way,Unknown,Asphalt roads,Daylight,Normal,Vehicle with vehicle collision,Going straight,Not a Pedestrian,No priority to vehicle,2
10662,31-50,Male,Junior high school,Employee,5-10yr,Two-way (divided with broken lines road marking),Unknown,Earth roads,Darkness - lights lit,Normal,Vehicle with vehicle collision,Going straight,Not a Pedestrian,No priority to vehicle,0
10663,Over 51,Male,Junior high school,Employee,5-10yr,Two-way (divided with broken lines road marking),Unknown,Asphalt roads,Daylight,Normal,Vehicle with vehicle collision,Going straight,Not a Pedestrian,Changing lane to the left,2
10664,Over 51,Male,Junior high school,Employee,2-5yr,Undivided Two way,Unknown,Asphalt roads,Daylight,Normal,Collision with roadside objects,Going straight,Not a Pedestrian,Moving Backward,2
10665,18-30,Male,Junior high school,Employee,1-2yr,Two-way (divided with broken lines road marking),Unknown,Asphalt roads,Daylight,Normal,Collision with roadside objects,Going straight,Not a Pedestrian,Driving carelessly,2
10666,18-30,Male,Junior high school,Employee,5-10yr,Two-way (divided with broken lines road marking),Unknown,Asphalt roads,Daylight,Normal,Vehicle with vehicle collision,Going straight,Not a Pedestrian,Driving under the influence of drugs,2
10667,31-50,Male,Junior high school,Employee,Below 1yr,Undivided Two way,Unknown,Asphalt roads,Daylight,Normal,Vehicle with vehicle collision,Going straight,Not a Pedestrian,Changing lane to the right,2
10668,31-50,Male,Junior high school,Employee,5-10yr,other,Unknown,Asphalt roads,Daylight,Raining,Collision with roadside objects,Going straight,Not a Pedestrian,No priority to vehicle,0
10669,18-30,Male,Junior high school,Owner,5-10yr,One way,Unknown,Asphalt roads,Daylight,Raining,Collision with roadside objects,Getting off,Not a Pedestrian,Changing lane to the right,0
10670,31-50,Male,Unknown,Owner,5-10yr,Undivided Two way,Unknown,Asphalt roads,Daylight,Raining,Vehicle with vehicle collision,Getting off,Not a Pedestrian,Driving to the left,0
10671,Over 51,Male,Junior high school,Employee,5-10yr,One way,Unknown,Asphalt roads,Daylight,Raining,Collision with pedestrians,Getting off,Not a Pedestrian,Moving Backward,0
10672,Over 51,Male,High school,Employee,2-5yr,Undivided Two way,Unknown,Asphalt roads,Daylight,Normal,Vehicle with vehicle collision,Moving Backward,Not a Pedestrian,No priority to vehicle,2
10673,Over 51,Male,Above high school,Employee,5-10yr,One way,Unknown,Asphalt roads,Daylight,Normal,Vehicle with vehicle collision,Going straight,Not a Pedestrian,No distancing,2
10674,Over 51,Female,Junior high school,Employee,Above 10yr,Undivided Two way,Unknown,Earth roads,Daylight,Normal,Vehicle with vehicle collision,Going straight,Not a Pedestrian,Driving carelessly,2
10675,Over 51,Male,Junior high school,Employee,Below 1yr,Two-way (divided with broken lines road marking),Unknown,Asphalt roads,Daylight,Raining,Vehicle with vehicle collision,Waiting to go,Not a Pedestrian,Changing lane to the left,2
10676,31-50,Male,Elementary school,Employee,5-10yr,other,Unknown,Asphalt roads,Darkness - lights lit,Other,Vehicle with vehicle collision,Going straight,Not a Pedestrian,No priority to vehicle,2
10677,Over 51,Male,Elementary school,Employee,2-5yr,other,Unknown,Asphalt roads,Darkness - lights lit,Other,Collision with roadside objects,Other,Not a Pedestrian,No priority to vehicle,2
10678,18-30,Male,Junior high school,Employee,2-5yr,Two-way (divided with broken lines road marking),Unknown,Asphalt roads,Daylight,Normal,Collision with roadside objects,Going straight,Not a Pedestrian,No distancing,2
10679,Unknown,Male,Junior high school,Employee,1-2yr,other,Unknown,Other,Daylight,Normal,Vehicle with vehicle collision,Going straight,Not a Pedestrian,Driving to the left,2
10680,Unknown,Male,Junior high school,Employee,2-5yr,Two-way (divided with broken lines road marking),Unknown,Gravel roads,Daylight,Raining,Vehicle with vehicle collision,Going straight,Not a Pedestrian,Driving carelessly,2
10681,Under 18,Male,Junior high school,Employee,2-5yr,Undivided Two way,Unknown,Gravel roads,Daylight,Raining,Vehicle with vehicle collision,Going straight,Not a Pedestrian,Driving carelessly,2
10682,18-30,Male,Junior high school,Employee,Above 10yr,Two-way (divided with broken lines road marking),Unknown,Asphalt roads,Daylight,Normal,Vehicle with vehicle collision,Overtaking,Not a Pedestrian,Changing lane to the right,2
10683,18-30,Male,High school,Employee,Below 1yr,Undivided Two way,Unknown,Asphalt roads,Daylight,Normal,Vehicle with vehicle collision,Going straight,Not a Pedestrian,Driving carelessly,2
10684,18-30,Male,Junior high school,Employee,2-5yr,Undivided Two way,Unknown,Earth roads,Daylight,Normal,Vehicle with vehicle collision,Going straight,Not a Pedestrian,Changing lane to the left,2
10685,31-50,Male,High school,Employee,Above 10yr,Undivided Two way,Unknown,Asphalt roads,Daylight,Normal,Vehicle with vehicle collision,Going straight,Not a Pedestrian,Driving carelessly,2
10686,Over 51,Male,Junior high school,Employee,Above 10yr,Two-way (divided with broken lines road marking),Unknown,Asphalt roads,Daylight,Normal,Vehicle with vehicle collision,Turnover,Not a Pedestrian,Driving carelessly,2
10687,31-50,Male,High school,Employee,5-10yr,Undivided Two way,Unknown,Asphalt roads,Daylight,Normal,Vehicle with vehicle collision,Going straight,Not a Pedestrian,Driving under the influence of drugs,2
10688,31-50,Male,Junior high school,Employee,Above 10yr,Double carriageway (median),Unknown,Asphalt roads,Daylight,Normal,Vehicle with vehicle collision,Going straight,Not a Pedestrian,Driving carelessly,1
10689,Over 51,Male,Junior high school,Employee,1-2yr,Two-way (divided with broken lines road marking),Unknown,Earth roads,Daylight,Normal,Other,Getting off,Not a Pedestrian,No distancing,2
10690,Over 51,Male,Junior high school,Employee,2-5yr,Two-way (divided with broken lines road marking),Unknown,Asphalt roads,Daylight,Normal,Vehicle with vehicle collision,Moving Backward,Not a Pedestrian,Driving carelessly,2
10691,31-50,Male,Elementary school,Employee,2-5yr,Two-way (divided with broken lines road marking),Unknown,Asphalt roads,Daylight,Normal,Collision with roadside objects,Getting off,Not a Pedestrian,Driving to the left,2
10692,18-30,Male,Elementary school,Other,5-10yr,One way,Unknown,Asphalt roads,Daylight,Normal,Vehicle with vehicle collision,Overtaking,Not a Pedestrian,Overtaking,2
10693,31-50,Male,Junior high school,Employee,5-10yr,Two-way (divided with broken lines road marking),Unknown,Asphalt roads,Daylight,Normal,Vehicle with vehicle collision,Going straight,Not a Pedestrian,No distancing,2
10694,18-30,Male,High school,Owner,5-10yr,Two-way (divided with broken lines road marking),Unknown,Asphalt roads,Daylight,Normal,Vehicle with vehicle collision,Going straight,Not a Pedestrian,Driving carelessly,2
10695,18-30,Male,Junior high school,Employee,Above 10yr,Two-way (divided with broken lines road marking),Unknown,Asphalt roads,Daylight,Normal,Vehicle with vehicle collision,Going straight,Not a Pedestrian,No priority to vehicle,2
10696,31-50,Male,Junior high school,Employee,Below 1yr,Two-way (divided with broken lines road marking),Unknown,Asphalt roads,Daylight,Raining,Vehicle with vehicle collision,Reversing,Not a Pedestrian,No priority to vehicle,2
10697,31-50,Male,Junior high school,Other,Below 1yr,Two-way (divided with broken lines road marking),Unknown,Asphalt roads,Daylight,Raining,Vehicle with vehicle collision,Getting off,Not a Pedestrian,No priority to vehicle,2
10698,18-30,Male,Junior high school,Employee,Above 10yr,Undivided Two way,Unknown,Asphalt roads,Daylight,Raining,Collision with roadside objects,Going straight,Not a Pedestrian,No priority to vehicle,2
10699,18-30,Male,High school,Owner,5-10yr,Double carriageway (median),Unknown,Asphalt roads,Daylight,Raining,Collision with roadside objects,Going straight,Not a Pedestrian,No distancing,2
10700,18-30,Male,Elementary school,Owner,5-10yr,Two-way (divided with broken lines road marking),Unknown,Earth roads,Daylight,Normal,Vehicle with vehicle collision,Going straight,Not a Pedestrian,Moving Backward,1
10701,31-50,Male,Junior high school,Employee,2-5yr,Two-way (divided with broken lines road marking),Unknown,Asphalt roads,Daylight,Unknown,Collision with roadside objects,Reversing,Not a Pedestrian,No distancing,1
10702,31-50,Male,Junior high school,Employee,2-5yr,Double carriageway (median),Unknown,Asphalt roads,Darkness - no lighting,Raining,Collision with roadside objects,Going straight,Not a Pedestrian,Changing lane to the left,1
10703,18-30,Male,Above high school,Employee,5-10yr,Two-way (divided with broken lines road marking),Unknown,Asphalt roads,Daylight,Normal,Vehicle with vehicle collision,Stopping,Not a Pedestrian,Changing lane to the left,2
10704,31-50,Male,Junior high school,Owner,2-5yr,Two-way (divided with broken lines road marking),Unknown,Asphalt roads,Daylight,Normal,Vehicle with vehicle collision,Overtaking,Not a Pedestrian,No priority to pedestrian,2
10705,Unknown,Male,Unknown,Unknown,Unknown,other,Unknown,Earth roads,Daylight,Normal,Collision with roadside objects,Going straight,Not a Pedestrian,Moving Backward,2
10706,18-30,Male,Junior high school,Employee,2-5yr,Two-way (divided with broken lines road marking),Unknown,Asphalt roads,Daylight,Normal,Vehicle with vehicle collision,Reversing,Not a Pedestrian,Changing lane to the left,2
10707,31-50,Male,Junior high school,Employee,5-10yr,Double carriageway (median),Unknown,Asphalt roads,Daylight,Normal,Vehicle with vehicle collision,Going straight,Not a Pedestrian,No distancing,2
10708,31-50,Male,Junior high school,Employee,2-5yr,Undivided Two way,Unknown,Asphalt roads,Darkness - lights lit,Normal,Vehicle with vehicle collision,Going straight,Not a Pedestrian,No priority to vehicle,2
10709,18-30,Male,Elementary school,Employee,1-2yr,Two-way (divided with broken lines road marking),Unknown,Asphalt roads,Darkness - lights lit,Normal,Vehicle with vehicle collision,Reversing,Not a Pedestrian,Changing lane to the right,2
10710,18-30,Male,High school,Employee,Unknown,Two-way (divided with broken lines road marking),Unknown,Asphalt roads,Daylight,Normal,Vehicle with vehicle collision,Going straight,Not a Pedestrian,No distancing,1
10711,18-30,Male,Junior high school,Owner,1-2yr,One way,Unknown,Asphalt roads,Daylight,Normal,Vehicle with vehicle collision,Waiting to go,Not a Pedestrian,No distancing,2
10712,31-50,Male,Junior high school,Employee,2-5yr,Double carriageway (median),Unknown,Asphalt roads,Daylight,Normal,Collision with pedestrians,Going straight,Not a Pedestrian,Getting off the vehicle improperly,2
10713,31-50,Male,Junior high school,Employee,1-2yr,Two-way (divided with broken lines road marking),Unknown,Asphalt roads,Daylight,Normal,Vehicle with vehicle collision,Going straight,Not a Pedestrian,No priority to pedestrian,1
10714,31-50,Male,Elementary school,Employee,Above 10yr,Double carriageway (median),Unknown,Other,Darkness - lights lit,Normal,Collision with roadside objects,Going straight,Not a Pedestrian,Changing lane to the left,2
10715,Unknown,Male,Junior high school,Employee,2-5yr,Undivided Two way,Unknown,Asphalt roads,Darkness - lights lit,Normal,Vehicle with vehicle collision,Going straight,Crossing from nearside - masked by parked or statioNot a Pedestrianry vehicle,No distancing,2
10716,Unknown,Male,Junior high school,Employee,2-5yr,Two-way (divided with broken lines road marking),Unknown,Asphalt roads,Daylight,Normal,Vehicle with vehicle collision,Getting off,Not a Pedestrian,Driving carelessly,1
10717,18-30,Male,Junior high school,Employee,2-5yr,other,Unknown,Asphalt roads,Daylight,Normal,Vehicle with vehicle collision,Going straight,Not a Pedestrian,No distancing,2
10718,18-30,Female,Junior high school,Employee,2-5yr,other,Unknown,Asphalt roads,Daylight,Normal,Vehicle with vehicle collision,Going straight,Not a Pedestrian,Changing lane to the right,2
10719,18-30,Female,Elementary school,Employee,2-5yr,Two-way (divided with broken lines road marking),Unknown,Asphalt roads,Daylight,Normal,Vehicle with vehicle collision,Going straight,Not a Pedestrian,Overtaking,2
10720,31-50,Male,Junior high school,Employee,2-5yr,other,Unknown,Asphalt roads,Daylight,Normal,Vehicle with vehicle collision,Reversing,Not a Pedestrian,Driving carelessly,2
10721,31-50,Male,Elementary school,Employee,5-10yr,Two-way (divided with broken lines road marking),Unknown,Asphalt roads,Daylight,Normal,Vehicle with vehicle collision,Turnover,Not a Pedestrian,Moving Backward,2
10722,31-50,Male,Elementary school,Employee,2-5yr,Two-way (divided with broken lines road marking),Unknown,Earth roads,Daylight,Normal,Vehicle with vehicle collision,Going straight,Not a Pedestrian,No distancing,1
10723,31-50,Male,Junior high school,Employee,Above 10yr,Two-way (divided with broken lines road marking),Unknown,Asphalt roads,Daylight,Normal,Vehicle with vehicle collision,Going straight,Not a Pedestrian,Overtaking,1
10724,31-50,Male,Junior high school,Employee,Above 10yr,Undivided Two way,Unknown,Asphalt roads,Daylight,Normal,Collision with roadside objects,Going straight,Not a Pedestrian,Driving carelessly,1
10725,31-50,Male,High school,Employee,Above 10yr,Two-way (divided with broken lines road marking),Unknown,Asphalt roads,Daylight,Normal,Vehicle with vehicle collision,Going straight,Not a Pedestrian,Driving carelessly,1
10726,31-50,Male,Junior high school,Employee,5-10yr,Two-way (divided with broken lines road marking),Unknown,Asphalt roads,Daylight,Normal,Collision with roadside objects,Getting off,Not a Pedestrian,Moving Backward,1
10727,31-50,Male,Junior high school,Owner,2-5yr,Undivided Two way,Unknown,Asphalt roads,Daylight,Normal,Vehicle with vehicle collision,Going straight,Not a Pedestrian,Driving carelessly,1
10728,31-50,Male,Elementary school,Employee,1-2yr,Undivided Two way,Unknown,Asphalt roads,Daylight,Normal,Vehicle with vehicle collision,Going straight,Not a Pedestrian,Driving to the left,2
10729,18-30,Male,Junior high school,Employee,2-5yr,Two-way (divided with broken lines road marking),Unknown,Asphalt roads,Daylight,Normal,Unknown,Going straight,Not a Pedestrian,Changing lane to the left,2
10730,18-30,Male,Junior high school,Employee,5-10yr,Two-way (divided with broken lines road marking),Unknown,Asphalt roads,Daylight,Normal,Collision with pedestrians,Going straight,Not a Pedestrian,No distancing,2
10731,18-30,Female,Unknown,Unknown,Unknown,Unknown,Unknown,Asphalt roads,Daylight,Normal,Vehicle with vehicle collision,Going straight,Not a Pedestrian,No distancing,2
10732,31-50,Male,Elementary school,Owner,5-10yr,other,Unknown,Asphalt roads,Daylight,Normal,Vehicle with vehicle collision,Going straight,Not a Pedestrian,Changing lane to the right,2
10733,Over 51,Male,High school,Other,Above 10yr,other,Unknown,Asphalt roads,Daylight,Normal,Vehicle with vehicle collision,Going straight,Not a Pedestrian,Driving under the influence of drugs,2
10734,31-50,Male,Junior high school,Employee,Above 10yr,Two-way (divided with broken lines road marking),Unknown,Asphalt roads,Daylight,Normal,Collision with pedestrians,Going straight,Not a Pedestrian,Changing lane to the right,2
10735,31-50,Female,Junior high school,Employee,1-2yr,other,Unknown,Asphalt roads,Daylight,Normal,Collision with roadside objects,Going straight,Not a Pedestrian,Changing lane to the left,2
10736,18-30,Male,High school,Owner,Unknown,Undivided Two way,Unknown,Asphalt roads,Daylight,Normal,Unknown,Going straight,"In carriageway, statioNot a Pedestrianry - not crossing  (standing or playing)",Moving Backward,2
10737,18-30,Male,Junior high school,Employee,2-5yr,One way,Unknown,Asphalt roads,Daylight,Normal,Vehicle with vehicle collision,Reversing,Not a Pedestrian,No distancing,2
10738,18-30,Male,Junior high school,Employee,5-10yr,Two-way (divided with broken lines road marking),Unknown,Earth roads,Daylight,Normal,Unknown,Going straight,Not a Pedestrian,Changing lane to the right,1
10739,18-30,Male,Junior high school,Employee,2-5yr,Undivided Two way,Unknown,Asphalt roads,Daylight,Normal,Unknown,Turnover,Not a Pedestrian,Moving Backward,1
10740,Over 51,Male,Junior high school,Employee,Above 10yr,Two-way (divided with broken lines road marking),Unknown,Unknown,Daylight,Normal,Unknown,Going straight,Not a Pedestrian,No distancing,1
10741,Over 51,Male,Elementary school,Employee,5-10yr,Double carriageway (median),Unknown,Asphalt roads,Daylight,Normal,Vehicle with vehicle collision,Going straight,Not a Pedestrian,Driving to the left,1
10742,18-30,Female,Junior high school,Employee,5-10yr,Two-way (divided with broken lines road marking),Unknown,Asphalt roads,Daylight,Raining,Vehicle with vehicle collision,Going straight,Not a Pedestrian,Driving to the left,1
10743,31-50,Female,Above high school,Employee,1-2yr,Undivided Two way,Unknown,Asphalt roads,Daylight,Raining,Collision with roadside objects,Going straight,Not a Pedestrian,Moving Backward,1
10744,18-30,Male,Elementary school,Employee,Above 10yr,Undivided Two way,Unknown,Asphalt roads,Daylight,Raining,Collision with roadside objects,Reversing,Not a Pedestrian,Moving Backward,1
10745,18-30,Female,Elementary school,Employee,5-10yr,Undivided Two way,Unknown,Asphalt roads,Daylight,Normal,Vehicle with vehicle collision,Going straight,Not a Pedestrian,Overtaking,1
10746,18-30,Female,Elementary school,Employee,2-5yr,Two-way (divided with broken lines road marking),Unknown,Asphalt roads,Daylight,Normal,Vehicle with vehicle collision,Turnover,Not a Pedestrian,Driving carelessly,2
10747,31-50,Male,Elementary school,Employee,2-5yr,Undivided Two way,Unknown,Asphalt roads,Daylight,Normal,Vehicle with vehicle collision,Going straight,Unknown or other,Changing lane to the left,2
10748,18-30,Male,Junior high school,Employee,5-10yr,Undivided Two way,Unknown,Asphalt roads,Daylight,Normal,Vehicle with vehicle collision,Going straight,Not a Pedestrian,Driving under the influence of drugs,2
10749,31-50,Male,Junior high school,Employee,1-2yr,Undivided Two way,Unknown,Asphalt roads,Daylight,Normal,Vehicle with vehicle collision,Going straight,Not a Pedestrian,No distancing,2
10750,18-30,Male,Junior high school,Employee,5-10yr,One way,Unknown,Gravel roads,Darkness - lights unlit,Normal,Rollover,Going straight,Not a Pedestrian,Moving Backward,2
10751,31-50,Male,Junior high school,Employee,5-10yr,Undivided Two way,Unknown,Asphalt roads,Darkness - lights unlit,Normal,Vehicle with vehicle collision,Going straight,Not a Pedestrian,Changing lane to the left,2
10752,18-30,Male,Above high school,Employee,5-10yr,other,Unknown,Asphalt roads,Darkness - lights lit,Normal,Collision with roadside objects,Getting off,Crossing from nearside - masked by parked or statioNot a Pedestrianry vehicle,Changing lane to the right,2
10753,Over 51,Male,Junior high school,Employee,Above 10yr,other,Unknown,Asphalt roads,Darkness - lights lit,Normal,Collision with pedestrians,Moving Backward,Crossing from nearside - masked by parked or statioNot a Pedestrianry vehicle,No distancing,2
10754,Over 51,Male,Elementary school,Employee,2-5yr,Two-way (divided with broken lines road marking),Unknown,Asphalt roads,Darkness - lights lit,Normal,Vehicle with vehicle collision,Going straight,Not a Pedestrian,Driving at high speed,2
10755,Over 51,Male,Junior high school,Employee,5-10yr,One way,Unknown,Asphalt roads,Darkness - lights lit,Normal,Vehicle with vehicle collision,Turnover,Not a Pedestrian,Changing lane to the right,2
10756,31-50,Male,Unknown,Unknown,Unknown,Two-way (divided with broken lines road marking),Unknown,Asphalt roads,Daylight,Normal,Vehicle with vehicle collision,Going straight,Crossing from nearside - masked by parked or statioNot a Pedestrianry vehicle,No priority to vehicle,1
10757,31-50,Male,Junior high school,Employee,5-10yr,Two-way (divided with broken lines road marking),Unknown,Asphalt roads,Daylight,Normal,Vehicle with vehicle collision,Unknown,Not a Pedestrian,No distancing,1
10758,18-30,Male,Junior high school,Employee,Unknown,Two-way (divided with broken lines road marking),Unknown,Asphalt roads,Darkness - lights lit,Normal,Vehicle with vehicle collision,Going straight,Not a Pedestrian,Turnover,1
10759,31-50,Male,Junior high school,Employee,Unknown,Two-way (divided with broken lines road marking),Unknown,Asphalt roads,Daylight,Normal,Vehicle with vehicle collision,Going straight,Not a Pedestrian,No distancing,2
10760,Over 51,Male,Junior high school,Employee,1-2yr,Two-way (divided with broken lines road marking),Unknown,Asphalt roads,Daylight,Normal,Vehicle with vehicle collision,Going straight,Crossing from nearside - masked by parked or statioNot a Pedestrianry vehicle,Changing lane to the right,2
10761,18-30,Male,Above high school,Owner,5-10yr,Two-way (divided with broken lines road marking),Unknown,Asphalt roads,Daylight,Normal,Collision with roadside objects,Going straight,Not a Pedestrian,No distancing,2
10762,18-30,Male,Junior high school,Employee,2-5yr,Undivided Two way,Unknown,Asphalt roads,Darkness - lights lit,Normal,Rollover,Turnover,Not a Pedestrian,Changing lane to the left,1
10763,31-50,Male,Junior high school,Owner,5-10yr,Two-way (divided with broken lines road marking),Unknown,Asphalt roads,Darkness - lights lit,Normal,Vehicle with vehicle collision,Turnover,Not a Pedestrian,Driving carelessly,1
10764,31-50,Male,High school,Employee,2-5yr,Two-way (divided with broken lines road marking),Unknown,Asphalt roads,Darkness - lights lit,Normal,Collision with pedestrians,Going straight,Not a Pedestrian,Changing lane to the right,1