,Age Band of Driver,Sex of Driver,Educational Level,Vehicle Driver Relation,Driver Experience,Lanes or Medians,Type of Junction,Road Surface Type,Light Conditions,Weather Conditions,Type of Collision,Vehicle Movement,Pedestrain Movement,Cause of Accident,Accident Severity
10765,31-50,Female,Junior high school,Employee,Above 10yr,Two-way (divided with broken lines road marking),Unknown,Asphalt roads,Darkness - lights lit,Normal,Vehicle with vehicle collision,Getting off,Not a Pedestrian,No priority to vehicle,1
10766,31-50,Male,Junior high school,Employee,Below 1yr,Two-way (divided with broken lines road marking),Unknown,Asphalt roads,Daylight,Normal,Vehicle with vehicle collision,Getting off,Not a Pedestrian,No distancing,2
10767,31-50,Male,Junior high school,Employee,Below 1yr,Double carriageway (median),Unknown,Asphalt roads,Darkness - lights lit,Normal,Collision with pedestrians,Going straight,Not a Pedestrian,No priority to pedestrian,2
10768,18-30,Male,Unknown,Owner,Unknown,Undivided Two way,Unknown,Other,Daylight,Normal,Collision with pedestrians,Overtaking,Not a Pedestrian,No priority to pedestrian,2
10769,18-30,Male,Junior high school,Employee,2-5yr,Double carriageway (median),Unknown,Asphalt roads,Daylight,Normal,Vehicle with vehicle collision,Reversing,Not a Pedestrian,No priority to vehicle,2
10770,18-30,Male,Unknown,Unknown,Unknown,Two-way (divided with broken lines road marking),Unknown,Asphalt roads,Darkness - lights lit,Normal,Vehicle with vehicle collision,Going straight,Not a Pedestrian,Changing lane to the left,2
10771,31-50,Male,Elementary school,Employee,No Licence,Undivided Two way,Unknown,Asphalt roads,Darkness - lights lit,Normal,Vehicle with vehicle collision,Getting off,Not a Pedestrian,Changing lane to the left,2
10772,18-30,Male,Junior high school,Employee,Above 10yr,Two-way (divided with broken lines road marking),Unknown,Asphalt roads,Darkness - lights lit,Normal,Vehicle with vehicle collision,Getting off,Not a Pedestrian,No distancing,2
10773,31-50,Male,Junior high school,Owner,Above 10yr,Undivided Two way,Unknown,Asphalt roads,Darkness - lights lit,Normal,Vehicle with vehicle collision,Reversing,Not a Pedestrian,No priority to vehicle,2
10774,18-30,Male,Junior high school,Employee,Above 10yr,other,Unknown,Asphalt roads,Darkness - lights lit,Normal,Collision with roadside objects,Turnover,Not a Pedestrian,No distancing,2
10775,31-50,Male,Junior high school,Employee,Above 10yr,One way,Unknown,Asphalt roads,Darkness - lights lit,Raining,Vehicle with vehicle collision,Moving Backward,Not a Pedestrian,No distancing,2
10776,Unknown,Male,Junior high school,Owner,5-10yr,Two-way (divided with broken lines road marking),Unknown,Asphalt roads,Darkness - lights lit,Raining,Vehicle with vehicle collision,Going straight,Not a Pedestrian,Changing lane to the right,2
10777,Over 51,Male,Junior high school,Employee,Below 1yr,Two-way (divided with broken lines road marking),Unknown,Asphalt roads,Daylight,Normal,Vehicle with vehicle collision,Going straight,Not a Pedestrian,Changing lane to the left,2
10778,18-30,Male,Junior high school,Employee,2-5yr,Two-way (divided with broken lines road marking),Unknown,Asphalt roads,Daylight,Normal,Vehicle with vehicle collision,Going straight,Not a Pedestrian,No distancing,2
10779,18-30,Male,Junior high school,Employee,Unknown,Undivided Two way,Unknown,Earth roads,Daylight,Normal,Vehicle with vehicle collision,Going straight,Not a Pedestrian,Overturning,2
10780,18-30,Female,Above high school,Employee,1-2yr,Undivided Two way,Unknown,Asphalt roads,Daylight,Normal,Vehicle with vehicle collision,Reversing,Not a Pedestrian,No priority to vehicle,2
10781,Unknown,Male,Junior high school,Employee,1-2yr,Undivided Two way,Unknown,Unknown,Daylight,Normal,Vehicle with vehicle collision,Going straight,Not a Pedestrian,Moving Backward,2
10782,31-50,Male,Junior high school,Employee,1-2yr,Two-way (divided with broken lines road marking),Unknown,Unknown,Daylight,Normal,Vehicle with vehicle collision,Going straight,Not a Pedestrian,Driving under the influence of drugs,2
10783,31-50,Male,Unknown,Employee,5-10yr,Undivided Two way,Unknown,Asphalt roads,Daylight,Normal,Vehicle with vehicle collision,Going straight,Not a Pedestrian,Moving Backward,2
10784,31-50,Male,Junior high school,Employee,Above 10yr,Two-way (divided with broken lines road marking),Unknown,Earth roads,Darkness - lights lit,Normal,Vehicle with vehicle collision,Going straight,Not a Pedestrian,Changing lane to the right,2
10785,31-50,Male,Junior high school,Employee,Above 10yr,Double carriageway (median),Unknown,Asphalt roads,Darkness - lights lit,Normal,Vehicle with vehicle collision,Getting off,Not a Pedestrian,Overspeed,2
10786,18-30,Male,Junior high school,Employee,5-10yr,Undivided Two way,Unknown,Asphalt roads,Daylight,Normal,Vehicle with vehicle collision,Going straight,Crossing from nearside - masked by parked or statioNot a Pedestrianry vehicle,Driving under the influence of drugs,2
10787,18-30,Unknown,Junior high school,Employee,2-5yr,Two-way (divided with broken lines road marking),Unknown,Earth roads,Daylight,Normal,Vehicle with vehicle collision,Going straight,Not a Pedestrian,Driving carelessly,2
10788,18-30,Male,Junior high school,Employee,Below 1yr,other,Unknown,Asphalt roads,Daylight,Normal,Vehicle with vehicle collision,Going straight,Not a Pedestrian,No distancing,2
10789,31-50,Male,Junior high school,Employee,1-2yr,Two-way (divided with broken lines road marking),Unknown,Asphalt roads,Daylight,Normal,Vehicle with vehicle collision,Going straight,Not a Pedestrian,No priority to vehicle,2
10790,Under 18,Female,Junior high school,Employee,5-10yr,other,Unknown,Asphalt roads,Daylight,Normal,Collision with roadside objects,Reversing,Not a Pedestrian,Overspeed,2
10791,18-30,Male,Junior high school,Employee,Below 1yr,Undivided Two way,Unknown,Asphalt roads,Daylight,Normal,Vehicle with vehicle collision,Moving Backward,Crossing from nearside - masked by parked or statioNot a Pedestrianry vehicle,Driving under the influence of drugs,2
10792,31-50,Male,Elementary school,Employee,5-10yr,One way,Unknown,Asphalt roads,Daylight,Normal,Vehicle with vehicle collision,Going straight,Crossing from driver's nearside,Changing lane to the right,2
10793,18-30,Male,Junior high school,Employee,2-5yr,other,Unknown,Asphalt roads,Daylight,Normal,Vehicle with vehicle collision,Going straight,Not a Pedestrian,Changing lane to the right,2
10794,18-30,Male,Junior high school,Employee,5-10yr,Double carriageway (median),Unknown,Asphalt roads,Darkness - lights lit,Normal,Vehicle with vehicle collision,Going straight,Not a Pedestrian,Changing lane to the right,2
10795,31-50,Male,Elementary school,Employee,5-10yr,other,Unknown,Asphalt roads,Daylight,Normal,Collision with pedestrians,Going straight,Not a Pedestrian,Changing lane to the right,2
10796,31-50,Male,Junior high school,Employee,Above 10yr,Two-way (divided with broken lines road marking),Unknown,Asphalt roads,Daylight,Normal,Vehicle with vehicle collision,Going straight,Not a Pedestrian,Moving Backward,2
10797,18-30,Male,Junior high school,Employee,1-2yr,One way,Unknown,Asphalt roads,Daylight,Raining,Vehicle with vehicle collision,Going straight,Not a Pedestrian,No distancing,2
10798,Over 51,Male,High school,Employee,Below 1yr,Undivided Two way,Unknown,Asphalt roads,Daylight,Raining,Vehicle with vehicle collision,Turnover,Not a Pedestrian,Overspeed,2
10799,Over 51,Male,Elementary school,Employee,Above 10yr,other,Unknown,Asphalt roads,Daylight,Raining,Vehicle with vehicle collision,Going straight,Not a Pedestrian,No distancing,2
10800,Over 51,Male,High school,Owner,1-2yr,Undivided Two way,Unknown,Asphalt roads with some distress,Daylight,Raining,Vehicle with vehicle collision,Other,Not a Pedestrian,Driving carelessly,2
10801,31-50,Male,Junior high school,Employee,2-5yr,Double carriageway (median),Unknown,Asphalt roads,Daylight,Normal,Vehicle with vehicle collision,Going straight,Not a Pedestrian,No distancing,2
10802,31-50,Male,Unknown,Employee,5-10yr,Two-way (divided with broken lines road marking),Unknown,Asphalt roads,Daylight,Normal,Vehicle with vehicle collision,Going straight,Not a Pedestrian,No distancing,2
10803,31-50,Male,High school,Owner,2-5yr,Two-way (divided with broken lines road marking),Unknown,Asphalt roads,Darkness - lights lit,Normal,Vehicle with vehicle collision,Going straight,Not a Pedestrian,No distancing,2
10804,Unknown,Female,High school,Employee,Above 10yr,Two-way (divided with broken lines road marking),Unknown,Asphalt roads,Darkness - lights lit,Normal,Collision with pedestrians,Going straight,Not a Pedestrian,Changing lane to the right,2
10805,Over 51,Male,Junior high school,Employee,1-2yr,Two-way (divided with broken lines road marking),Unknown,Asphalt roads,Daylight,Raining,Vehicle with vehicle collision,Going straight,Not a Pedestrian,No distancing,2
10806,18-30,Female,Elementary school,Employee,1-2yr,Double carriageway (median),Unknown,Asphalt roads,Daylight,Raining,Vehicle with vehicle collision,Moving Backward,Not a Pedestrian,No priority to vehicle,2
10807,18-30,Male,High school,Employee,1-2yr,Double carriageway (median),Unknown,Asphalt roads,Daylight,Raining,Vehicle with vehicle collision,Moving Backward,Not a Pedestrian,Changing lane to the left,2
10808,Under 18,Male,Above high school,Employee,5-10yr,Undivided Two way,Unknown,Asphalt roads,Darkness - lights lit,Cloudy,Vehicle with vehicle collision,Moving Backward,Not a Pedestrian,Moving Backward,2
10809,Under 18,Male,Unknown,Unknown,Unknown,One way,Unknown,Asphalt roads,Darkness - lights lit,Cloudy,Collision with roadside objects,Other,Not a Pedestrian,Driving carelessly,2
10810,Under 18,Male,Junior high school,Employee,5-10yr,Undivided Two way,Unknown,Asphalt roads,Darkness - lights lit,Raining,Vehicle with vehicle collision,Going straight,Not a Pedestrian,Changing lane to the left,2
10811,31-50,Male,Elementary school,Owner,5-10yr,Two-way (divided with broken lines road marking),Unknown,Asphalt roads,Darkness - lights lit,Raining,Vehicle with vehicle collision,Unknown,Not a Pedestrian,No priority to pedestrian,2
10812,18-30,Male,Elementary school,Employee,5-10yr,Two-way (divided with broken lines road marking),Unknown,Asphalt roads,Daylight,Raining,Vehicle with vehicle collision,Turnover,Not a Pedestrian,No distancing,2
10813,31-50,Male,High school,Owner,5-10yr,Undivided Two way,Unknown,Asphalt roads,Daylight,Raining,Vehicle with vehicle collision,Getting off,Not a Pedestrian,No distancing,2
10814,18-30,Male,Junior high school,Employee,5-10yr,Double carriageway (median),Unknown,Asphalt roads,Daylight,Raining,Vehicle with vehicle collision,Going straight,Not a Pedestrian,Overturning,2
10815,Over 51,Male,Junior high school,Owner,1-2yr,Two-way (divided with broken lines road marking),Unknown,Asphalt roads,Daylight,Raining,Vehicle with vehicle collision,Going straight,Not a Pedestrian,No distancing,1
10816,Over 51,Male,Junior high school,Employee,2-5yr,Two-way (divided with broken lines road marking),Unknown,Asphalt roads,Daylight,Normal,Vehicle with vehicle collision,Going straight,Not a Pedestrian,Drunk driving,2
10817,Over 51,Male,Junior high school,Owner,5-10yr,Two-way (divided with broken lines road marking),Unknown,Asphalt roads,Daylight,Normal,Collision with roadside objects,Turnover,Not a Pedestrian,Moving Backward,2
10818,Over 51,Male,Junior high school,Owner,Above 10yr,Two-way (divided with broken lines road marking),Unknown,Asphalt roads,Daylight,Normal,Vehicle with vehicle collision,Reversing,Not a Pedestrian,No priority to pedestrian,2
10819,Over 51,Male,High school,Employee,5-10yr,Two-way (divided with broken lines road marking),Unknown,Asphalt roads,Daylight,Normal,Vehicle with vehicle collision,Moving Backward,Not a Pedestrian,Changing lane to the left,2
10820,18-30,Male,High school,Owner,2-5yr,Undivided Two way,Unknown,Gravel roads,Daylight,Normal,Vehicle with vehicle collision,Other,Not a Pedestrian,Changing lane to the left,2
10821,18-30,Male,Junior high school,Employee,5-10yr,other,Unknown,Asphalt roads,Darkness - lights lit,Windy,Vehicle with vehicle collision,Going straight,Not a Pedestrian,Getting off the vehicle improperly,2
10822,18-30,Male,Elementary school,Employee,2-5yr,Two-way (divided with broken lines road marking),Unknown,Asphalt roads,Darkness - lights lit,Normal,Rollover,Going straight,Not a Pedestrian,No distancing,1
10823,Over 51,Male,Elementary school,Employee,5-10yr,Two-way (divided with broken lines road marking),Unknown,Asphalt roads,Darkness - lights lit,Normal,Vehicle with vehicle collision,Going straight,Not a Pedestrian,Changing lane to the right,2
10824,31-50,Male,Junior high school,Employee,1-2yr,Double carriageway (median),Unknown,Asphalt roads,Darkness - lights lit,Normal,Vehicle with vehicle collision,Going straight,Not a Pedestrian,Changing lane to the right,2
10825,Over 51,Male,Junior high school,Employee,5-10yr,One way,Unknown,Asphalt roads,Darkness - lights lit,Normal,Collision with roadside objects,Going straight,Not a Pedestrian,Moving Backward,2
10826,18-30,Male,Unknown,Unknown,Unknown,Two-way (divided with broken lines road marking),Unknown,Asphalt roads,Darkness - lights lit,Normal,Vehicle with vehicle collision,Going straight,Not a Pedestrian,Driving at high speed,2
10827,31-50,Male,Elementary school,Employee,Above 10yr,Undivided Two way,Unknown,Asphalt roads,Darkness - lights lit,Normal,Vehicle with vehicle collision,Going straight,Not a Pedestrian,Changing lane to the left,2
10828,Unknown,Male,Elementary school,Employee,Below 1yr,Undivided Two way,Unknown,Asphalt roads,Darkness - lights lit,Raining,Vehicle with vehicle collision,Going straight,Not a Pedestrian,Changing lane to the right,2
10829,Under 18,Male,Junior high school,Employee,2-5yr,other,Unknown,Asphalt roads,Darkness - lights lit,Raining,Collision with roadside objects,Going straight,Not a Pedestrian,No distancing,2
10830,18-30,Male,Elementary school,Owner,1-2yr,Two-way (divided with broken lines road marking),Unknown,Asphalt roads,Daylight,Raining,Collision with roadside objects,Other,Not a Pedestrian,Changing lane to the right,2
10831,18-30,Male,Junior high school,Owner,5-10yr,Unknown,Unknown,Asphalt roads,Daylight,Raining,Vehicle with vehicle collision,Moving Backward,Not a Pedestrian,Changing lane to the right,2
10832,31-50,Male,Junior high school,Employee,2-5yr,Two-way (divided with broken lines road marking),Unknown,Asphalt roads,Darkness - lights lit,Unknown,Vehicle with vehicle collision,Going straight,Not a Pedestrian,No distancing,2
10833,18-30,Male,Junior high school,Employee,2-5yr,Two-way (divided with broken lines road marking),Unknown,Asphalt roads,Darkness - lights lit,Unknown,Collision with roadside objects,Moving Backward,Not a Pedestrian,Changing lane to the right,2
10834,Under 18,Male,High school,Employee,2-5yr,Undivided Two way,Unknown,Asphalt roads,Darkness - lights unlit,Raining,Collision with roadside objects,Going straight,Crossing from driver's nearside,Driving carelessly,2
10835,Over 51,Male,Junior high school,Employee,Above 10yr,other,Unknown,Gravel roads,Darkness - lights unlit,Raining,Vehicle with vehicle collision,Moving Backward,Not a Pedestrian,Driving carelessly,2
10836,18-30,Male,Junior high school,Employee,2-5yr,Two-way (divided with broken lines road marking),Unknown,Asphalt roads,Daylight,Normal,Vehicle with vehicle collision,Unknown,Not a Pedestrian,Changing lane to the right,2
10837,18-30,Male,Junior high school,Employee,1-2yr,Two-way (divided with broken lines road marking),Unknown,Asphalt roads,Daylight,Normal,Vehicle with vehicle collision,Going straight,Not a Pedestrian,Overturning,2
10838,18-30,Male,Junior high school,Employee,2-5yr,Double carriageway (median),Unknown,Asphalt roads,Daylight,Normal,Collision with roadside objects,Going straight,Not a Pedestrian,Changing lane to the right,2
10839,31-50,Male,Junior high school,Employee,5-10yr,Two-way (divided with broken lines road marking),Unknown,Asphalt roads,Daylight,Normal,Vehicle with vehicle collision,Going straight,Not a Pedestrian,Moving Backward,2
10840,Over 51,Male,Junior high school,Employee,1-2yr,Double carriageway (median),Unknown,Earth roads,Daylight,Normal,Vehicle with vehicle collision,Going straight,Not a Pedestrian,No distancing,2
10841,Over 51,Male,Elementary school,Employee,1-2yr,Two-way (divided with broken lines road marking),Unknown,Asphalt roads,Darkness - lights lit,Normal,Vehicle with vehicle collision,Other,Not a Pedestrian,Overturning,2
10842,31-50,Male,Junior high school,Employee,2-5yr,Double carriageway (median),Unknown,Asphalt roads,Darkness - lights lit,Normal,Rollover,Going straight,Not a Pedestrian,Driving carelessly,2
10843,Over 51,Male,Junior high school,Employee,Above 10yr,Two-way (divided with broken lines road marking),Unknown,Unknown,Darkness - lights lit,Normal,Vehicle with vehicle collision,Moving Backward,Not a Pedestrian,Changing lane to the right,2
10844,Under 18,Male,Junior high school,Employee,Below 1yr,Two-way (divided with broken lines road marking),Unknown,Gravel roads,Daylight,Normal,Vehicle with vehicle collision,Moving Backward,Crossing from driver's nearside,Driving at high speed,2
10845,31-50,Male,Junior high school,Employee,Above 10yr,other,Unknown,Asphalt roads,Darkness - lights lit,Normal,Collision with pedestrians,Moving Backward,Crossing from offside - masked by  parked or statioNot a Pedestrianry vehicle,Changing lane to the left,2
10846,Over 51,Male,Elementary school,Owner,5-10yr,Undivided Two way,Unknown,Unknown,Darkness - lights lit,Normal,Vehicle with vehicle collision,Going straight,Not a Pedestrian,Driving carelessly,2
10847,31-50,Male,Elementary school,Employee,Above 10yr,Undivided Two way,Unknown,Asphalt roads,Darkness - lights lit,Normal,Vehicle with vehicle collision,Going straight,Not a Pedestrian,No distancing,2
10848,Over 51,Male,Junior high school,Employee,1-2yr,Undivided Two way,Unknown,Earth roads,Darkness - lights unlit,Normal,Vehicle with vehicle collision,Going straight,Not a Pedestrian,Moving Backward,2
10849,Unknown,Male,Unknown,Unknown,Unknown,Two-way (divided with broken lines road marking),Unknown,Asphalt roads,Darkness - lights unlit,Normal,Vehicle with vehicle collision,Going straight,Crossing from nearside - masked by parked or statioNot a Pedestrianry vehicle,No priority to pedestrian,2
10850,18-30,Male,High school,Owner,5-10yr,Undivided Two way,Unknown,Asphalt roads,Darkness - lights lit,Windy,Collision with roadside objects,Other,Not a Pedestrian,Moving Backward,2
10851,18-30,Male,Elementary school,Employee,2-5yr,Two-way (divided with broken lines road marking),Unknown,Asphalt roads,Darkness - lights lit,Normal,Vehicle with vehicle collision,Going straight,Not a Pedestrian,Changing lane to the right,2
10852,Unknown,Unknown,Unknown,Unknown,Unknown,Undivided Two way,Unknown,Asphalt roads,Darkness - lights lit,Normal,Vehicle with vehicle collision,Going straight,Unknown or other,No distancing,2
10853,Unknown,Male,Unknown,Unknown,Unknown,Two-way (divided with broken lines road marking),Unknown,Asphalt roads,Darkness - lights lit,Normal,Vehicle with vehicle collision,Going straight,Crossing from driver's nearside,Drunk driving,2
10854,18-30,Male,High school,Owner,1-2yr,Two-way (divided with broken lines road marking),Unknown,Earth roads,Darkness - lights lit,Normal,Vehicle with vehicle collision,Reversing,Not a Pedestrian,Changing lane to the right,2
10855,18-30,Male,Junior high school,Employee,1-2yr,Two-way (divided with broken lines road marking),Unknown,Asphalt roads,Darkness - lights lit,Normal,Collision with roadside objects,Moving Backward,Not a Pedestrian,Driving carelessly,1
10856,18-30,Male,Junior high school,Employee,1-2yr,Undivided Two way,Unknown,Asphalt roads,Darkness - lights lit,Normal,Vehicle with vehicle collision,Going straight,Not a Pedestrian,Driving to the left,1
10857,Unknown,Male,Junior high school,Employee,Above 10yr,Undivided Two way,Unknown,Asphalt roads,Daylight,Normal,Collision with roadside objects,Going straight,Not a Pedestrian,Changing lane to the right,2
10858,Unknown,Male,Junior high school,Employee,1-2yr,Undivided Two way,Unknown,Asphalt roads,Daylight,Normal,Vehicle with vehicle collision,Reversing,Not a Pedestrian,Changing lane to the right,1
10859,18-30,Male,High school,Owner,Above 10yr,other,Unknown,Asphalt roads,Darkness - lights lit,Raining,Rollover,Going straight,Not a Pedestrian,Driving carelessly,2
10860,31-50,Male,Junior high school,Employee,Above 10yr,Undivided Two way,Unknown,Asphalt roads,Darkness - lights lit,Raining,Vehicle with vehicle collision,Reversing,Crossing from nearside - masked by parked or statioNot a Pedestrianry vehicle,Changing lane to the left,2
10861,31-50,Male,Junior high school,Employee,1-2yr,Two-way (divided with solid lines road marking),Unknown,Asphalt roads,Darkness - lights lit,Cloudy,Vehicle with vehicle collision,Other,Not a Pedestrian,No priority to vehicle,2
10862,31-50,Male,Junior high school,Employee,1-2yr,Two-way (divided with solid lines road marking),Unknown,Asphalt roads,Darkness - lights lit,Cloudy,Vehicle with vehicle collision,Unknown,Not a Pedestrian,Driving carelessly,2
10863,18-30,Male,High school,Employee,2-5yr,Two-way (divided with solid lines road marking),Unknown,Asphalt roads,Daylight,Normal,Vehicle with vehicle collision,Going straight,Not a Pedestrian,Changing lane to the right,2
10864,31-50,Male,Junior high school,Employee,2-5yr,Two-way (divided with solid lines road marking),Unknown,Asphalt roads,Daylight,Raining,Vehicle with vehicle collision,Going straight,Not a Pedestrian,Driving carelessly,2
10865,31-50,Male,Junior high school,Employee,1-2yr,Two-way (divided with broken lines road marking),Unknown,Asphalt roads,Daylight,Raining,Collision with pedestrians,Going straight,Not a Pedestrian,Driving under the influence of drugs,2
10866,31-50,Male,Elementary school,Employee,5-10yr,Undivided Two way,Unknown,Earth roads,Daylight,Normal,Rollover,Going straight,Not a Pedestrian,No distancing,2
10867,31-50,Male,Junior high school,Employee,5-10yr,Undivided Two way,Unknown,Asphalt roads,Daylight,Normal,Vehicle with vehicle collision,Going straight,Not a Pedestrian,Changing lane to the left,2
10868,31-50,Male,Junior high school,Employee,1-2yr,other,Unknown,Asphalt roads,Darkness - lights lit,Windy,Rollover,Going straight,Not a Pedestrian,No priority to vehicle,2
10869,18-30,Male,Elementary school,Other,5-10yr,Undivided Two way,Unknown,Asphalt roads,Darkness - lights lit,Raining,Vehicle with vehicle collision,Going straight,Not a Pedestrian,Moving Backward,2
10870,18-30,Male,Junior high school,Employee,2-5yr,Two-way (divided with broken lines road marking),Unknown,Asphalt roads,Darkness - lights lit,Raining,Vehicle with vehicle collision,Going straight,Not a Pedestrian,Moving Backward,2
10871,18-30,Male,Elementary school,Employee,5-10yr,Undivided Two way,Unknown,Other,Darkness - lights lit,Normal,Vehicle with vehicle collision,Going straight,Not a Pedestrian,No distancing,0
10872,Over 51,Male,Junior high school,Employee,Above 10yr,Undivided Two way,Unknown,Gravel roads,Daylight,Raining,Fall from vehicles,Going straight,Not a Pedestrian,Changing lane to the right,2
10873,31-50,Male,Junior high school,Employee,Above 10yr,One way,Unknown,Gravel roads,Daylight,Raining,Vehicle with vehicle collision,Going straight,Not a Pedestrian,Changing lane to the right,2
10874,31-50,Male,Elementary school,Owner,2-5yr,Two-way (divided with broken lines road marking),Unknown,Asphalt roads,Darkness - lights lit,Other,Collision with roadside objects,Going straight,Not a Pedestrian,Moving Backward,2
10875,31-50,Male,Elementary school,Employee,5-10yr,Undivided Two way,Unknown,Asphalt roads,Darkness - lights lit,Other,Vehicle with vehicle collision,Going straight,Not a Pedestrian,Driving carelessly,2
10876,18-30,Male,Junior high school,Owner,1-2yr,Two-way (divided with broken lines road marking),Unknown,Earth roads,Daylight,Normal,Vehicle with vehicle collision,Going straight,Not a Pedestrian,Driving under the influence of drugs,2
10877,31-50,Male,Elementary school,Employee,Above 10yr,other,Unknown,Asphalt roads,Daylight,Normal,Vehicle with vehicle collision,Going straight,Not a Pedestrian,No distancing,2
10878,18-30,Male,Junior high school,Employee,5-10yr,Undivided Two way,Unknown,Asphalt roads,Daylight,Normal,Collision with pedestrians,Moving Backward,Not a Pedestrian,No distancing,2
10879,31-50,Male,Junior high school,Employee,2-5yr,One way,Unknown,Asphalt roads,Darkness - lights lit,Normal,Vehicle with vehicle collision,Going straight,Not a Pedestrian,No priority to vehicle,2
10880,31-50,Male,Elementary school,Employee,Above 10yr,Undivided Two way,Unknown,Asphalt roads,Darkness - lights lit,Normal,Vehicle with vehicle collision,Going straight,Not a Pedestrian,Driving to the left,2
10881,Under 18,Male,Junior high school,Employee,2-5yr,Undivided Two way,Unknown,Earth roads,Daylight,Normal,Vehicle with vehicle collision,Going straight,Not a Pedestrian,No priority to vehicle,2
10882,Under 18,Male,Elementary school,Employee,Above 10yr,One way,Unknown,Asphalt roads,Daylight,Normal,Rollover,Unknown,Not a Pedestrian,No priority to vehicle,2
10883,Under 18,Male,Junior high school,Employee,Above 10yr,Undivided Two way,Unknown,Asphalt roads,Daylight,Normal,Collision with roadside objects,Turnover,Not a Pedestrian,No priority to vehicle,1
10884,18-30,Male,Junior high school,Employee,2-5yr,Two-way (divided with broken lines road marking),Unknown,Asphalt roads,Daylight,Normal,Vehicle with vehicle collision,Going straight,Not a Pedestrian,No distancing,2
10885,31-50,Male,Junior high school,Employee,Above 10yr,Two-way (divided with broken lines road marking),Unknown,Asphalt roads,Daylight,Normal,Vehicle with vehicle collision,Going straight,Not a Pedestrian,Moving Backward,2
10886,31-50,Male,Junior high school,Employee,Above 10yr,other,Unknown,Asphalt roads,Darkness - lights lit,Normal,Collision with roadside objects,Going straight,Not a Pedestrian,Changing lane to the right,1
10887,Under 18,Male,Junior high school,Employee,Below 1yr,Double carriageway (median),Unknown,Asphalt roads,Darkness - lights lit,Normal,Vehicle with vehicle collision,Going straight,Not a Pedestrian,Driving carelessly,2
10888,31-50,Female,Junior high school,Owner,Above 10yr,Two-way (divided with broken lines road marking),Unknown,Asphalt roads,Daylight,Normal,Vehicle with vehicle collision,Going straight,Not a Pedestrian,Changing lane to the left,2
10889,18-30,Male,High school,Other,Above 10yr,Double carriageway (median),Unknown,Asphalt roads,Daylight,Normal,Vehicle with vehicle collision,Going straight,Not a Pedestrian,No distancing,2
10890,Under 18,Male,Junior high school,Employee,5-10yr,Double carriageway (median),Unknown,Asphalt roads,Daylight,Normal,Rollover,Going straight,Not a Pedestrian,Changing lane to the right,1
10891,Under 18,Male,Elementary school,Unknown,Unknown,Double carriageway (median),Unknown,Asphalt roads,Darkness - lights lit,Unknown,Rollover,Going straight,Not a Pedestrian,Driving under the influence of drugs,1
10892,Under 18,Male,Junior high school,Employee,5-10yr,Two-way (divided with broken lines road marking),Unknown,Earth roads,Darkness - lights lit,Unknown,Collision with pedestrians,Going straight,Not a Pedestrian,No distancing,1
10893,Under 18,Male,Junior high school,Employee,5-10yr,Unknown,Unknown,Asphalt roads,Daylight,Normal,Vehicle with vehicle collision,Turnover,Not a Pedestrian,Overturning,2
10894,18-30,Male,Junior high school,Owner,Below 1yr,One way,Unknown,Asphalt roads,Darkness - lights lit,Normal,Vehicle with vehicle collision,Unknown,Not a Pedestrian,No distancing,2
10895,31-50,Male,Junior high school,Employee,5-10yr,Undivided Two way,Unknown,Asphalt roads,Darkness - lights lit,Normal,Vehicle with vehicle collision,Reversing,Not a Pedestrian,Changing lane to the right,2
10896,31-50,Male,Elementary school,Employee,2-5yr,Unknown,Unknown,Asphalt roads,Daylight,Normal,Collision with pedestrians,Other,Not a Pedestrian,No priority to vehicle,2
10897,Unknown,Male,Junior high school,Owner,2-5yr,Two-way (divided with broken lines road marking),Unknown,Earth roads,Daylight,Normal,Collision with pedestrians,Going straight,Unknown or other,Changing lane to the right,1
10898,Under 18,Male,Elementary school,Employee,2-5yr,Two-way (divided with broken lines road marking),Unknown,Asphalt roads,Darkness - lights lit,Normal,Vehicle with vehicle collision,Going straight,Not a Pedestrian,Changing lane to the left,1
10899,Over 51,Male,Junior high school,Owner,2-5yr,Two-way (divided with broken lines road marking),Unknown,Asphalt roads,Daylight,Normal,Vehicle with vehicle collision,Turnover,Not a Pedestrian,No distancing,0
10900,18-30,Male,Junior high school,Employee,Above 10yr,Two-way (divided with broken lines road marking),Unknown,Asphalt roads,Daylight,Normal,Vehicle with vehicle collision,Other,Unknown or other,No priority to pedestrian,0
10901,31-50,Male,Junior high school,Employee,2-5yr,Undivided Two way,Unknown,Asphalt roads,Daylight,Normal,Collision with roadside objects,Going straight,Not a Pedestrian,Driving carelessly,0
10902,Over 51,Male,Junior high school,Employee,1-2yr,Undivided Two way,Unknown,Asphalt roads,Daylight,Normal,Vehicle with vehicle collision,Going straight,Not a Pedestrian,No distancing,0
10903,Unknown,Male,Junior high school,Employee,2-5yr,Two-way (divided with broken lines road marking),Unknown,Asphalt roads,Daylight,Normal,Collision with roadside objects,Other,Not a Pedestrian,Driving carelessly,2