,Age Band of Driver,Sex of Driver,Educational Level,Vehicle Driver Relation,Driver Experience,Lanes or Medians,Type of Junction,Road Surface Type,Light Conditions,Weather Conditions,Type of Collision,Vehicle Movement,Pedestrain Movement,Cause of Accident,Accident Severity
11335,31-50,Male,Junior high school,Owner,5-10yr,Undivided Two way,Unknown,Asphalt roads,Darkness - lights lit,Normal,Vehicle with vehicle collision,Other,Not a Pedestrian,No distancing,2
11336,18-30,Male,Junior high school,Owner,Below 1yr,other,Unknown,Asphalt roads,Daylight,Normal,Vehicle with vehicle collision,Going straight,Not a Pedestrian,Driving to the left,2
11337,31-50,Male,Junior high school,Owner,2-5yr,Undivided Two way,Unknown,Asphalt roads,Darkness - lights lit,Raining,Vehicle with vehicle collision,Going straight,Crossing from driver's nearside,Driving carelessly,2
11338,31-50,Male,Elementary school,Employee,2-5yr,Undivided Two way,Unknown,Asphalt roads,Darkness - lights lit,Raining,Vehicle with vehicle collision,Other,Not a Pedestrian,Driving carelessly,2
11339,31-50,Male,Junior high school,Employee,2-5yr,Double carriageway (median),Unknown,Gravel roads,Darkness - no lighting,Normal,Vehicle with vehicle collision,Going straight,Not a Pedestrian,Changing lane to the right,1
11340,Over 51,Male,Junior high school,Employee,2-5yr,Undivided Two way,Unknown,Asphalt roads,Daylight,Normal,Vehicle with vehicle collision,Going straight,Not a Pedestrian,Driving carelessly,2
11341,18-30,Male,Junior high school,Employee,5-10yr,other,Unknown,Asphalt roads,Darkness - lights lit,Normal,Collision with pedestrians,Going straight,Not a Pedestrian,Changing lane to the left,2
11342,18-30,Male,Junior high school,Employee,5-10yr,other,Unknown,Asphalt roads,Darkness - lights lit,Raining,Collision with pedestrians,Going straight,Unknown or other,Driving carelessly,1
11343,18-30,Male,Junior high school,Employee,Above 10yr,other,Unknown,Asphalt roads,Darkness - lights lit,Raining,Collision with roadside objects,Going straight,Not a Pedestrian,Driving carelessly,1
11344,18-30,Male,Elementary school,Employee,5-10yr,other,Unknown,Asphalt roads,Darkness - lights lit,Normal,Collision with pedestrians,Reversing,Not a Pedestrian,Driving under the influence of drugs,1
11345,18-30,Male,Junior high school,Employee,5-10yr,Undivided Two way,Unknown,Asphalt roads,Darkness - lights lit,Normal,Vehicle with vehicle collision,Moving Backward,Not a Pedestrian,Driving carelessly,1
11346,Over 51,Male,Junior high school,Employee,Above 10yr,Two-way (divided with broken lines road marking),Unknown,Asphalt roads,Darkness - lights lit,Raining,Vehicle with vehicle collision,Overtaking,Not a Pedestrian,No distancing,2
11347,Unknown,Male,Elementary school,Owner,Unknown,Two-way (divided with broken lines road marking),Unknown,Asphalt roads,Darkness - lights lit,Raining,Vehicle with vehicle collision,Going straight,Crossing from nearside - masked by parked or statioNot a Pedestrianry vehicle,Driving carelessly,2
11348,Unknown,Male,Junior high school,Owner,5-10yr,Undivided Two way,Unknown,Asphalt roads,Darkness - lights lit,Raining,Collision with roadside objects,Going straight,Not a Pedestrian,Driving to the left,2
11349,Unknown,Male,Junior high school,Employee,5-10yr,Undivided Two way,Unknown,Asphalt roads,Darkness - lights lit,Raining,Collision with roadside objects,Going straight,Not a Pedestrian,Overtaking,2
11350,Unknown,Male,Junior high school,Employee,Below 1yr,Two-way (divided with broken lines road marking),Unknown,Asphalt roads,Daylight,Normal,Vehicle with vehicle collision,Going straight,Not a Pedestrian,No distancing,2
11351,Unknown,Male,Unknown,Unknown,Unknown,Two-way (divided with broken lines road marking),Unknown,Asphalt roads,Daylight,Raining,Vehicle with vehicle collision,Going straight,Not a Pedestrian,Driving carelessly,2
11352,Under 18,Male,Junior high school,Employee,5-10yr,Undivided Two way,Unknown,Asphalt roads,Darkness - lights lit,Normal,Vehicle with vehicle collision,Going straight,Not a Pedestrian,Moving Backward,2
11353,18-30,Male,Junior high school,Employee,5-10yr,Two-way (divided with broken lines road marking),Unknown,Asphalt roads,Darkness - lights lit,Normal,Vehicle with vehicle collision,Going straight,Not a Pedestrian,Overtaking,2
11354,18-30,Male,Junior high school,Employee,Above 10yr,Undivided Two way,Unknown,Asphalt roads,Darkness - lights lit,Normal,Vehicle with vehicle collision,Going straight,Not a Pedestrian,Changing lane to the left,2
11355,18-30,Male,High school,Employee,Above 10yr,Double carriageway (median),Unknown,Asphalt roads,Darkness - lights lit,Raining and Windy,Vehicle with vehicle collision,Going straight,Not a Pedestrian,Changing lane to the right,2
11356,18-30,Male,Junior high school,Employee,Above 10yr,Two-way (divided with broken lines road marking),Unknown,Asphalt roads,Darkness - lights lit,Raining and Windy,Vehicle with vehicle collision,Going straight,Not a Pedestrian,Overtaking,2
11357,31-50,Male,Junior high school,Employee,Above 10yr,Two-way (divided with broken lines road marking),Unknown,Asphalt roads,Daylight,Cloudy,Vehicle with vehicle collision,Going straight,Not a Pedestrian,Overloading,2
11358,31-50,Male,Junior high school,Employee,Above 10yr,Undivided Two way,Unknown,Asphalt roads,Daylight,Cloudy,Vehicle with vehicle collision,Other,Not a Pedestrian,Other,2
11359,Unknown,Male,Junior high school,Employee,Above 10yr,Two-way (divided with broken lines road marking),Unknown,Asphalt roads,Daylight,Cloudy,Collision with roadside objects,Going straight,Not a Pedestrian,No priority to vehicle,2
11360,18-30,Male,Junior high school,Employee,5-10yr,Double carriageway (median),Unknown,Earth roads,Darkness - lights lit,Raining,Collision with roadside objects,Moving Backward,Unknown or other,Changing lane to the right,2
11361,18-30,Male,Junior high school,Employee,2-5yr,Two-way (divided with broken lines road marking),Unknown,Asphalt roads,Darkness - lights lit,Raining,Collision with pedestrians,Other,Not a Pedestrian,Moving Backward,2
11362,Over 51,Male,Junior high school,Employee,Below 1yr,Two-way (divided with broken lines road marking),Unknown,Asphalt roads,Darkness - lights lit,Normal,Vehicle with vehicle collision,Going straight,Not a Pedestrian,Changing lane to the left,2
11363,31-50,Male,Junior high school,Employee,Below 1yr,Unknown,Unknown,Asphalt roads,Darkness - lights lit,Normal,Vehicle with vehicle collision,Going straight,Not a Pedestrian,No priority to pedestrian,2
11364,18-30,Male,Junior high school,Employee,2-5yr,Double carriageway (median),Unknown,Asphalt roads,Darkness - no lighting,Normal,Vehicle with vehicle collision,Going straight,Not a Pedestrian,No distancing,2
11365,Over 51,Male,Elementary school,Employee,Below 1yr,Two-way (divided with broken lines road marking),Unknown,Asphalt roads,Darkness - no lighting,Normal,Vehicle with vehicle collision,Going straight,Not a Pedestrian,No priority to vehicle,2
11366,Unknown,Male,Junior high school,Employee,Below 1yr,Two-way (divided with broken lines road marking),Unknown,Asphalt roads,Darkness - no lighting,Normal,Vehicle with vehicle collision,Going straight,Not a Pedestrian,No distancing,2
11367,18-30,Male,Junior high school,Employee,Unknown,One way,Unknown,Asphalt roads,Darkness - lights lit,Normal,Vehicle with vehicle collision,Going straight,Not a Pedestrian,No distancing,2
11368,18-30,Male,Unknown,Employee,5-10yr,Undivided Two way,Unknown,Gravel roads,Darkness - lights lit,Normal,Vehicle with vehicle collision,Going straight,Not a Pedestrian,Moving Backward,2
11369,18-30,Male,Writing & reading,Employee,Below 1yr,Undivided Two way,Unknown,Asphalt roads,Darkness - lights lit,Raining,Vehicle with vehicle collision,Going straight,Not a Pedestrian,Changing lane to the right,2
11370,31-50,Male,Junior high school,Employee,Below 1yr,other,Unknown,Asphalt roads,Darkness - lights lit,Raining,Vehicle with vehicle collision,Going straight,Not a Pedestrian,No priority to pedestrian,2
11371,31-50,Male,Junior high school,Employee,1-2yr,Two-way (divided with broken lines road marking),Unknown,Asphalt roads,Darkness - lights lit,Normal,Collision with pedestrians,Other,Not a Pedestrian,Moving Backward,2
11372,31-50,Male,Elementary school,Employee,Above 10yr,Undivided Two way,Unknown,Other,Darkness - lights lit,Normal,Collision with pedestrians,Reversing,Not a Pedestrian,Getting off the vehicle improperly,2
11373,18-30,Male,Elementary school,Employee,Above 10yr,Two-way (divided with broken lines road marking),Unknown,Asphalt roads,Daylight,Normal,Vehicle with vehicle collision,Other,Not a Pedestrian,Overtaking,2
11374,18-30,Male,Elementary school,Employee,Below 1yr,Double carriageway (median),Unknown,Asphalt roads,Daylight,Normal,Vehicle with vehicle collision,Other,Not a Pedestrian,Overloading,2
11375,18-30,Male,High school,Employee,2-5yr,Undivided Two way,Unknown,Asphalt roads,Daylight,Normal,Vehicle with vehicle collision,Reversing,Not a Pedestrian,Changing lane to the right,2
11376,18-30,Male,Junior high school,Employee,2-5yr,Undivided Two way,Unknown,Asphalt roads,Darkness - lights lit,Normal,Vehicle with vehicle collision,Going straight,Not a Pedestrian,Improper parking,2
11377,18-30,Male,Above high school,Employee,Above 10yr,Two-way (divided with broken lines road marking),Unknown,Asphalt roads,Darkness - lights lit,Normal,Vehicle with vehicle collision,Going straight,Not a Pedestrian,Other,2
11378,18-30,Male,Junior high school,Employee,2-5yr,Double carriageway (median),Unknown,Asphalt roads,Darkness - lights lit,Raining,Vehicle with vehicle collision,Going straight,Not a Pedestrian,Changing lane to the left,2
11379,31-50,Male,Junior high school,Employee,2-5yr,Undivided Two way,Unknown,Asphalt roads,Darkness - lights lit,Raining,Vehicle with vehicle collision,Going straight,Not a Pedestrian,Changing lane to the right,2
11380,18-30,Male,High school,Employee,1-2yr,other,Unknown,Asphalt roads,Daylight,Normal,Vehicle with vehicle collision,Turnover,Not a Pedestrian,No priority to pedestrian,2
11381,18-30,Male,Junior high school,Employee,5-10yr,Two-way (divided with broken lines road marking),Unknown,Asphalt roads,Daylight,Normal,Vehicle with vehicle collision,Going straight,Not a Pedestrian,Overspeed,2
11382,18-30,Male,Junior high school,Employee,Below 1yr,Undivided Two way,Unknown,Asphalt roads,Daylight,Other,Vehicle with vehicle collision,Going straight,Not a Pedestrian,Changing lane to the left,2
11383,31-50,Male,Junior high school,Employee,Below 1yr,Undivided Two way,Unknown,Asphalt roads,Daylight,Raining,Vehicle with vehicle collision,Going straight,Not a Pedestrian,No priority to vehicle,2
11384,31-50,Male,Elementary school,Employee,Unknown,Double carriageway (median),Unknown,Asphalt roads,Daylight,Raining,Vehicle with vehicle collision,Going straight,Not a Pedestrian,Changing lane to the right,2
11385,Over 51,Male,Junior high school,Employee,Below 1yr,Undivided Two way,Unknown,Asphalt roads,Daylight,Raining,Vehicle with vehicle collision,Going straight,Not a Pedestrian,No distancing,2
11386,Under 18,Male,Junior high school,Employee,1-2yr,Undivided Two way,Unknown,Asphalt roads,Daylight,Normal,Vehicle with vehicle collision,Moving Backward,Not a Pedestrian,No priority to pedestrian,2
11387,18-30,Male,Elementary school,Employee,2-5yr,other,Unknown,Gravel roads,Daylight,Normal,Vehicle with vehicle collision,Going straight,Not a Pedestrian,No distancing,2
11388,18-30,Male,High school,Employee,1-2yr,Two-way (divided with broken lines road marking),Unknown,Asphalt roads,Darkness - no lighting,Raining,Vehicle with vehicle collision,Going straight,Not a Pedestrian,No priority to vehicle,2
11389,18-30,Male,Junior high school,Employee,5-10yr,Two-way (divided with broken lines road marking),Unknown,Asphalt roads,Darkness - no lighting,Raining,Vehicle with vehicle collision,Turnover,Not a Pedestrian,Other,2
11390,18-30,Male,Junior high school,Employee,Below 1yr,Undivided Two way,Unknown,Asphalt roads,Daylight,Normal,Vehicle with vehicle collision,Going straight,Not a Pedestrian,Driving carelessly,1
11391,18-30,Male,High school,Employee,Above 10yr,Double carriageway (median),Unknown,Other,Daylight,Normal,Vehicle with vehicle collision,Going straight,Not a Pedestrian,Changing lane to the left,1
11392,31-50,Female,Elementary school,Owner,5-10yr,Double carriageway (median),Unknown,Asphalt roads,Daylight,Normal,Vehicle with vehicle collision,Going straight,Not a Pedestrian,Driving carelessly,2
11393,31-50,Male,Elementary school,Employee,Below 1yr,Two-way (divided with broken lines road marking),Unknown,Other,Daylight,Normal,Vehicle with vehicle collision,Going straight,Not a Pedestrian,Changing lane to the left,2
11394,18-30,Male,Junior high school,Employee,5-10yr,Two-way (divided with broken lines road marking),Unknown,Asphalt roads,Daylight,Normal,Collision with roadside objects,Going straight,Not a Pedestrian,No priority to vehicle,2
11395,18-30,Female,Elementary school,Owner,5-10yr,Two-way (divided with broken lines road marking),Unknown,Asphalt roads,Daylight,Normal,Collision with roadside objects,Going straight,Not a Pedestrian,No distancing,2
11396,Over 51,Male,Junior high school,Employee,2-5yr,Two-way (divided with broken lines road marking),Unknown,Asphalt roads,Darkness - lights lit,Normal,Vehicle with vehicle collision,Moving Backward,Not a Pedestrian,Changing lane to the right,2
11397,Over 51,Male,Junior high school,Employee,Above 10yr,Double carriageway (median),Unknown,Asphalt roads,Darkness - lights lit,Normal,Vehicle with vehicle collision,Going straight,Not a Pedestrian,Changing lane to the right,2
11398,18-30,Male,Junior high school,Employee,5-10yr,Double carriageway (median),Unknown,Asphalt roads,Darkness - lights lit,Windy,Vehicle with vehicle collision,Going straight,Not a Pedestrian,Driving at high speed,2
11399,18-30,Male,High school,Employee,1-2yr,Two-way (divided with broken lines road marking),Unknown,Asphalt roads,Darkness - lights lit,Windy,Vehicle with vehicle collision,Going straight,Not a Pedestrian,No distancing,2
11400,31-50,Male,High school,Employee,5-10yr,Undivided Two way,No junction,Asphalt roads,Darkness - lights lit,Raining,Collision with roadside objects,Going straight,Not a Pedestrian,Changing lane to the right,2
11401,Under 18,Female,High school,Owner,2-5yr,Undivided Two way,Crossing,Asphalt roads,Darkness - lights lit,Raining,Vehicle with vehicle collision,Moving Backward,Not a Pedestrian,Changing lane to the left,2
11402,31-50,Male,Junior high school,Employee,5-10yr,other,Crossing,Asphalt roads,Daylight,Raining,Collision with roadside objects,Going straight,Not a Pedestrian,Getting off the vehicle improperly,2
11403,31-50,Male,Elementary school,Employee,2-5yr,other,No junction,Asphalt roads,Daylight,Raining,Collision with roadside objects,Other,Not a Pedestrian,Other,2
11404,31-50,Male,Elementary school,Employee,5-10yr,Double carriageway (median),No junction,Asphalt roads,Daylight,Normal,Collision with pedestrians,Other,Not a Pedestrian,Other,1
11405,Over 51,Male,Junior high school,Employee,1-2yr,Unknown,No junction,Asphalt roads,Darkness - lights lit,Raining,Vehicle with vehicle collision,Going straight,Not a Pedestrian,No distancing,1
11406,Under 18,Male,Junior high school,Employee,5-10yr,One way,Y Shape,Asphalt roads,Darkness - lights lit,Raining,Collision with roadside objects,Going straight,Not a Pedestrian,No priority to vehicle,1
11407,18-30,Male,Unknown,Unknown,Unknown,One way,Y Shape,Asphalt roads,Darkness - lights lit,Raining,Vehicle with vehicle collision,Going straight,Crossing from driver's nearside,Overtaking,1
11408,31-50,Male,Elementary school,Employee,Above 10yr,Undivided Two way,Y Shape,Asphalt roads,Darkness - lights lit,Raining,Vehicle with vehicle collision,Going straight,Not a Pedestrian,No priority to pedestrian,1
11409,18-30,Male,Elementary school,Employee,Below 1yr,One way,Crossing,Asphalt roads,Darkness - lights lit,Windy,Vehicle with vehicle collision,Other,Not a Pedestrian,No distancing,2
11410,18-30,Male,Junior high school,Employee,2-5yr,other,Y Shape,Asphalt roads,Daylight,Normal,Vehicle with vehicle collision,Going straight,Not a Pedestrian,Changing lane to the right,2
11411,18-30,Male,Elementary school,Owner,1-2yr,other,Y Shape,Asphalt roads,Daylight,Normal,Vehicle with vehicle collision,Getting off,Not a Pedestrian,Driving carelessly,2
11412,18-30,Male,Junior high school,Owner,5-10yr,Undivided Two way,Y Shape,Asphalt roads,Daylight,Normal,Vehicle with vehicle collision,Going straight,Not a Pedestrian,Changing lane to the right,2
11413,31-50,Male,Junior high school,Employee,2-5yr,Double carriageway (median),No junction,Asphalt roads,Daylight,Normal,Collision with roadside objects,Going straight,Not a Pedestrian,Overtaking,2
11414,18-30,Male,Junior high school,Employee,2-5yr,Two-way (divided with broken lines road marking),No junction,Asphalt roads,Daylight,Normal,Vehicle with vehicle collision,Going straight,Not a Pedestrian,Other,2
11415,18-30,Male,High school,Employee,2-5yr,Undivided Two way,No junction,Asphalt roads,Daylight,Normal,Collision with roadside objects,Going straight,Not a Pedestrian,Driving to the left,2
11416,31-50,Male,Junior high school,Employee,Above 10yr,Double carriageway (median),No junction,Gravel roads,Daylight,Raining,Vehicle with vehicle collision,Going straight,Not a Pedestrian,Driving at high speed,2
11417,31-50,Male,Junior high school,Employee,2-5yr,Two-way (divided with broken lines road marking),No junction,Asphalt roads,Daylight,Raining,Vehicle with vehicle collision,Going straight,Not a Pedestrian,Unknown,2
11418,31-50,Male,Junior high school,Employee,1-2yr,other,Y Shape,Asphalt roads,Darkness - no lighting,Raining,Vehicle with vehicle collision,Moving Backward,Not a Pedestrian,Changing lane to the right,2
11419,18-30,Male,Junior high school,Employee,2-5yr,Two-way (divided with broken lines road marking),Y Shape,Asphalt roads,Darkness - no lighting,Raining,Collision with roadside objects,Going straight,Not a Pedestrian,No distancing,2
11420,18-30,Male,Junior high school,Employee,5-10yr,One way,Y Shape,Asphalt roads,Darkness - lights lit,Normal,Collision with roadside objects,Other,Not a Pedestrian,Other,2
11421,18-30,Male,Junior high school,Employee,1-2yr,One way,Y Shape,Asphalt roads,Darkness - lights lit,Normal,Vehicle with vehicle collision,Going straight,Not a Pedestrian,No priority to vehicle,2
11422,31-50,Male,Elementary school,Employee,1-2yr,Undivided Two way,Y Shape,Asphalt roads,Darkness - lights lit,Normal,Vehicle with vehicle collision,Going straight,Not a Pedestrian,Changing lane to the left,2
11423,18-30,Male,Junior high school,Employee,2-5yr,Two-way (divided with broken lines road marking),Y Shape,Asphalt roads,Daylight,Normal,Vehicle with vehicle collision,Going straight,Not a Pedestrian,No priority to pedestrian,2
11424,Over 51,Male,Junior high school,Employee,Above 10yr,other,Crossing,Asphalt roads,Daylight,Normal,Vehicle with vehicle collision,Going straight,Not a Pedestrian,Overtaking,2
11425,31-50,Male,Junior high school,Employee,Below 1yr,Two-way (divided with broken lines road marking),Y Shape,Asphalt roads,Daylight,Raining,Vehicle with vehicle collision,Unknown,Crossing from nearside - masked by parked or statioNot a Pedestrianry vehicle,Driving carelessly,2
11426,18-30,Male,Junior high school,Employee,Above 10yr,Two-way (divided with broken lines road marking),Y Shape,Asphalt roads,Daylight,Raining,Vehicle with vehicle collision,Moving Backward,Crossing from nearside - masked by parked or statioNot a Pedestrianry vehicle,No priority to vehicle,2
11427,31-50,Male,Elementary school,Owner,5-10yr,Two-way (divided with broken lines road marking),Crossing,Asphalt roads,Daylight,Raining,Vehicle with vehicle collision,Unknown,Not a Pedestrian,No priority to pedestrian,2
11428,Unknown,Male,Elementary school,Employee,Above 10yr,One way,Crossing,Asphalt roads,Daylight,Normal,Collision with roadside objects,Going straight,Not a Pedestrian,Changing lane to the right,1
11429,Over 51,Male,Junior high school,Employee,1-2yr,Two-way (divided with broken lines road marking),Crossing,Asphalt roads,Daylight,Normal,Collision with roadside objects,Going straight,Not a Pedestrian,Driving carelessly,1
11430,31-50,Male,Unknown,Unknown,Unknown,Undivided Two way,No junction,Asphalt roads,Daylight,Normal,Collision with roadside objects,Unknown,Not a Pedestrian,Changing lane to the right,2
11431,31-50,Male,High school,Owner,5-10yr,Two-way (divided with broken lines road marking),No junction,Gravel roads,Daylight,Normal,Vehicle with vehicle collision,Going straight,Not a Pedestrian,Changing lane to the right,2
11432,Over 51,Male,Elementary school,Employee,2-5yr,Two-way (divided with broken lines road marking),No junction,Asphalt roads,Daylight,Raining,Vehicle with vehicle collision,Going straight,Not a Pedestrian,Changing lane to the left,2
11433,Over 51,Male,Unknown,Unknown,Unknown,Two-way (divided with broken lines road marking),Crossing,Asphalt roads,Daylight,Raining,Vehicle with vehicle collision,Going straight,Crossing from driver's nearside,Overturning,2
11434,18-30,Male,Unknown,Unknown,Unknown,Undivided Two way,No junction,Asphalt roads,Daylight,Raining,Vehicle with vehicle collision,Going straight,Not a Pedestrian,Driving carelessly,2
11435,18-30,Male,High school,Owner,1-2yr,Undivided Two way,No junction,Asphalt roads,Daylight,Normal,Collision with pedestrians,Going straight,Not a Pedestrian,No distancing,2
11436,31-50,Male,Junior high school,Employee,1-2yr,Undivided Two way,No junction,Earth roads,Daylight,Normal,Collision with pedestrians,Going straight,Not a Pedestrian,Driving carelessly,2
11437,31-50,Female,Junior high school,Employee,1-2yr,Undivided Two way,O Shape,Asphalt roads,Daylight,Normal,Vehicle with vehicle collision,Going straight,Not a Pedestrian,Changing lane to the left,2
11438,18-30,Male,Junior high school,Employee,Above 10yr,Unknown,O Shape,Asphalt roads,Daylight,Normal,Vehicle with vehicle collision,Other,Crossing from driver's nearside,No priority to vehicle,2
11439,31-50,Male,Junior high school,Employee,1-2yr,Undivided Two way,Crossing,Unknown,Darkness - lights lit,Raining,Vehicle with vehicle collision,Going straight,Not a Pedestrian,Changing lane to the right,2
11440,Over 51,Male,High school,Owner,Above 10yr,Unknown,Crossing,Gravel roads,Darkness - lights lit,Raining and Windy,Vehicle with vehicle collision,Going straight,Not a Pedestrian,No distancing,2
11441,Over 51,Male,Junior high school,Employee,Above 10yr,Two-way (divided with broken lines road marking),Crossing,Asphalt roads,Darkness - lights lit,Raining and Windy,Vehicle with vehicle collision,Going straight,Not a Pedestrian,Moving Backward,2
11442,Over 51,Male,Junior high school,Employee,1-2yr,Two-way (divided with broken lines road marking),No junction,Unknown,Darkness - lights lit,Raining and Windy,Vehicle with vehicle collision,Going straight,Not a Pedestrian,Moving Backward,2
11443,Over 51,Male,Junior high school,Employee,1-2yr,other,No junction,Asphalt roads,Darkness - lights lit,Normal,Vehicle with vehicle collision,Going straight,Not a Pedestrian,No distancing,2
11444,Over 51,Male,High school,Employee,2-5yr,Undivided Two way,No junction,Earth roads,Darkness - lights lit,Normal,Vehicle with vehicle collision,Going straight,Not a Pedestrian,No distancing,2
11445,31-50,Male,Junior high school,Employee,2-5yr,Undivided Two way,No junction,Asphalt roads,Darkness - lights lit,Normal,Vehicle with vehicle collision,Moving Backward,Not a Pedestrian,No distancing,2
11446,Over 51,Male,Junior high school,Employee,1-2yr,Two-way (divided with broken lines road marking),Y Shape,Asphalt roads,Darkness - lights lit,Normal,Vehicle with vehicle collision,Going straight,Not a Pedestrian,No priority to pedestrian,2
11447,18-30,Male,Elementary school,Employee,5-10yr,Undivided Two way,Y Shape,Asphalt roads,Darkness - lights lit,Raining,Collision with roadside objects,Going straight,Not a Pedestrian,Driving carelessly,2
11448,Unknown,Male,Junior high school,Employee,5-10yr,One way,Y Shape,Asphalt roads,Daylight,Normal,Rollover,Going straight,Not a Pedestrian,Changing lane to the right,1
11449,Unknown,Male,Junior high school,Employee,1-2yr,Undivided Two way,Crossing,Asphalt roads,Daylight,Normal,Vehicle with vehicle collision,Going straight,Not a Pedestrian,Changing lane to the left,1
11450,Under 18,Male,Elementary school,Other,5-10yr,Two-way (divided with broken lines road marking),Crossing,Earth roads,Daylight,Normal,Vehicle with vehicle collision,Going straight,"In carriageway, statioNot a Pedestrianry - not crossing  (standing or playing)",Driving carelessly,2
11451,18-30,Male,Junior high school,Employee,2-5yr,Two-way (divided with broken lines road marking),Crossing,Asphalt roads,Daylight,Normal,Vehicle with vehicle collision,Going straight,Not a Pedestrian,Driving carelessly,2
11452,18-30,Male,Elementary school,Employee,5-10yr,Undivided Two way,Crossing,Asphalt roads,Darkness - lights lit,Normal,Vehicle with vehicle collision,Going straight,Not a Pedestrian,No distancing,2
11453,18-30,Male,Junior high school,Employee,Above 10yr,Two-way (divided with broken lines road marking),Other,Asphalt roads,Darkness - lights lit,Normal,Vehicle with vehicle collision,Going straight,Crossing from nearside - masked by parked or statioNot a Pedestrianry vehicle,Other,2
11454,31-50,Male,Junior high school,Employee,Above 10yr,Two-way (divided with broken lines road marking),Other,Asphalt roads,Darkness - lights lit,Normal,Collision with roadside objects,Going straight,Crossing from nearside - masked by parked or statioNot a Pedestrianry vehicle,Changing lane to the right,2
11455,Over 51,Male,Elementary school,Owner,2-5yr,Undivided Two way,No junction,Asphalt roads,Darkness - lights lit,Normal,Collision with roadside objects,Going straight,Not a Pedestrian,Changing lane to the right,2
11456,31-50,Male,Elementary school,Employee,5-10yr,other,No junction,Asphalt roads,Daylight,Normal,Vehicle with vehicle collision,Going straight,Not a Pedestrian,No distancing,2
11457,31-50,Male,Junior high school,Owner,1-2yr,One way,No junction,Asphalt roads,Darkness - lights lit,Raining,Collision with roadside objects,Going straight,Not a Pedestrian,No distancing,2
11458,Over 51,Male,Elementary school,Employee,Above 10yr,Undivided Two way,No junction,Asphalt roads,Darkness - lights lit,Raining,Vehicle with vehicle collision,Other,Not a Pedestrian,Overturning,2
11459,Over 51,Male,Junior high school,Employee,5-10yr,One way,No junction,Asphalt roads,Darkness - lights lit,Raining,Vehicle with vehicle collision,Going straight,Not a Pedestrian,Driving at high speed,2
11460,31-50,Male,Junior high school,Employee,2-5yr,Undivided Two way,No junction,Asphalt roads,Darkness - lights lit,Raining,Vehicle with vehicle collision,Going straight,Not a Pedestrian,No priority to vehicle,2
11461,18-30,Male,Elementary school,Employee,Above 10yr,One way,Unknown,Asphalt roads,Darkness - lights lit,Raining,Vehicle with vehicle collision,Going straight,Crossing from offside - masked by  parked or statioNot a Pedestrianry vehicle,No priority to pedestrian,2
11462,31-50,Male,Junior high school,Employee,2-5yr,Undivided Two way,Unknown,Earth roads,Darkness - lights lit,Normal,Vehicle with vehicle collision,Going straight,Not a Pedestrian,No priority to vehicle,2
11463,18-30,Male,Elementary school,Employee,Above 10yr,Two-way (divided with broken lines road marking),Y Shape,Asphalt roads,Darkness - lights lit,Normal,Vehicle with vehicle collision,Going straight,Crossing from driver's nearside,Other,2
11464,18-30,Male,Junior high school,Employee,Above 10yr,other,Y Shape,Asphalt roads,Daylight,Normal,Collision with pedestrians,Going straight,Not a Pedestrian,Other,2
11465,31-50,Male,Junior high school,Employee,2-5yr,other,Y Shape,Asphalt roads,Daylight,Normal,Vehicle with vehicle collision,Going straight,Not a Pedestrian,Moving Backward,2
11466,31-50,Male,Junior high school,Employee,Above 10yr,Two-way (divided with broken lines road marking),Y Shape,Asphalt roads,Darkness - no lighting,Normal,Collision with roadside objects,Other,Not a Pedestrian,No distancing,1
11467,18-30,Male,Junior high school,Employee,Above 10yr,other,No junction,Other,Darkness - no lighting,Normal,Vehicle with vehicle collision,Going straight,Not a Pedestrian,Moving Backward,1
11468,18-30,Male,Junior high school,Employee,Below 1yr,Two-way (divided with broken lines road marking),No junction,Gravel roads,Darkness - no lighting,Normal,Collision with roadside objects,Going straight,Not a Pedestrian,No priority to vehicle,1
11469,18-30,Male,Junior high school,Owner,Above 10yr,Undivided Two way,O Shape,Gravel roads,Darkness - lights lit,Normal,Vehicle with vehicle collision,Going straight,Not a Pedestrian,Driving carelessly,1
11470,31-50,Male,High school,Other,Above 10yr,Two-way (divided with broken lines road marking),O Shape,Asphalt roads,Darkness - lights lit,Normal,Vehicle with vehicle collision,Going straight,Not a Pedestrian,No distancing,1
11471,31-50,Male,Junior high school,Employee,5-10yr,Undivided Two way,No junction,Asphalt roads,Daylight,Normal,Collision with pedestrians,Going straight,Not a Pedestrian,Other,2
11472,18-30,Male,Elementary school,Unknown,Unknown,Undivided Two way,No junction,Earth roads,Daylight,Normal,Vehicle with vehicle collision,Going straight,Not a Pedestrian,Changing lane to the right,2
11473,31-50,Male,Junior high school,Employee,5-10yr,Undivided Two way,Crossing,Asphalt roads,Daylight,Normal,Vehicle with vehicle collision,Going straight,Not a Pedestrian,No distancing,2